// Validating benchmarks:
// ***** BenchmarkRunner: Start   *****
// ***** Found 36 benchmark(s) in total *****
// ***** Building 1 exe(s) in Parallel: Start   *****
// start dotnet  restore /p:UseSharedCompilation=false /p:BuildInParallel=false /m:1 /p:Deterministic=true /p:Optimize=true /p:ArtifactsPath="C:\Users\chrisk\source\repos\Usenet.ninja\VectorNNTP\tools\VectorNNTP.NNTPD.PostAllocBench\bin\Release\net10.0\VectorNNTP.NNTPD.PostAllocBench-1/" /p:OutDir="C:\Users\chrisk\source\repos\Usenet.ninja\VectorNNTP\tools\VectorNNTP.NNTPD.PostAllocBench\bin\Release\net10.0\VectorNNTP.NNTPD.PostAllocBench-1\bin\Release\net10.0/" /p:OutputPath="C:\Users\chrisk\source\repos\Usenet.ninja\VectorNNTP\tools\VectorNNTP.NNTPD.PostAllocBench\bin\Release\net10.0\VectorNNTP.NNTPD.PostAllocBench-1\bin\Release\net10.0/" /p:PublishDir="C:\Users\chrisk\source\repos\Usenet.ninja\VectorNNTP\tools\VectorNNTP.NNTPD.PostAllocBench\bin\Release\net10.0\VectorNNTP.NNTPD.PostAllocBench-1\publish/" in C:\Users\chrisk\source\repos\Usenet.ninja\VectorNNTP\tools\VectorNNTP.NNTPD.PostAllocBench\bin\Release\net10.0\VectorNNTP.NNTPD.PostAllocBench-1
// command took 1.17 sec and exited with 0
// start dotnet  build -c Release --no-restore /p:UseSharedCompilation=false /p:BuildInParallel=false /m:1 /p:Deterministic=true /p:Optimize=true /p:ArtifactsPath="C:\Users\chrisk\source\repos\Usenet.ninja\VectorNNTP\tools\VectorNNTP.NNTPD.PostAllocBench\bin\Release\net10.0\VectorNNTP.NNTPD.PostAllocBench-1/" /p:OutDir="C:\Users\chrisk\source\repos\Usenet.ninja\VectorNNTP\tools\VectorNNTP.NNTPD.PostAllocBench\bin\Release\net10.0\VectorNNTP.NNTPD.PostAllocBench-1\bin\Release\net10.0/" /p:OutputPath="C:\Users\chrisk\source\repos\Usenet.ninja\VectorNNTP\tools\VectorNNTP.NNTPD.PostAllocBench\bin\Release\net10.0\VectorNNTP.NNTPD.PostAllocBench-1\bin\Release\net10.0/" /p:PublishDir="C:\Users\chrisk\source\repos\Usenet.ninja\VectorNNTP\tools\VectorNNTP.NNTPD.PostAllocBench\bin\Release\net10.0\VectorNNTP.NNTPD.PostAllocBench-1\publish/" --output "C:\Users\chrisk\source\repos\Usenet.ninja\VectorNNTP\tools\VectorNNTP.NNTPD.PostAllocBench\bin\Release\net10.0\VectorNNTP.NNTPD.PostAllocBench-1\bin\Release\net10.0/" in C:\Users\chrisk\source\repos\Usenet.ninja\VectorNNTP\tools\VectorNNTP.NNTPD.PostAllocBench\bin\Release\net10.0\VectorNNTP.NNTPD.PostAllocBench-1
// command took 6.95 sec and exited with 0
// ***** Done, took 00:00:08 (8.57 sec)   *****
// Found 36 benchmarks:
//   PostStreamingBench.Legacy: Job-KULIUI(Runtime=.NET 10.0, IterationCount=4, WarmupCount=1) [Size=1024, Shape=dot-leading]
//   PostStreamingBench.Streaming: Job-KULIUI(Runtime=.NET 10.0, IterationCount=4, WarmupCount=1) [Size=1024, Shape=dot-leading]
//   PostStreamingBench.Legacy: Job-KULIUI(Runtime=.NET 10.0, IterationCount=4, WarmupCount=1) [Size=1024, Shape=multi-header]
//   PostStreamingBench.Streaming: Job-KULIUI(Runtime=.NET 10.0, IterationCount=4, WarmupCount=1) [Size=1024, Shape=multi-header]
//   PostStreamingBench.Legacy: Job-KULIUI(Runtime=.NET 10.0, IterationCount=4, WarmupCount=1) [Size=1024, Shape=normal]
//   PostStreamingBench.Streaming: Job-KULIUI(Runtime=.NET 10.0, IterationCount=4, WarmupCount=1) [Size=1024, Shape=normal]
//   PostStreamingBench.Legacy: Job-KULIUI(Runtime=.NET 10.0, IterationCount=4, WarmupCount=1) [Size=16384, Shape=dot-leading]
//   PostStreamingBench.Streaming: Job-KULIUI(Runtime=.NET 10.0, IterationCount=4, WarmupCount=1) [Size=16384, Shape=dot-leading]
//   PostStreamingBench.Legacy: Job-KULIUI(Runtime=.NET 10.0, IterationCount=4, WarmupCount=1) [Size=16384, Shape=multi-header]
//   PostStreamingBench.Streaming: Job-KULIUI(Runtime=.NET 10.0, IterationCount=4, WarmupCount=1) [Size=16384, Shape=multi-header]
//   PostStreamingBench.Legacy: Job-KULIUI(Runtime=.NET 10.0, IterationCount=4, WarmupCount=1) [Size=16384, Shape=normal]
//   PostStreamingBench.Streaming: Job-KULIUI(Runtime=.NET 10.0, IterationCount=4, WarmupCount=1) [Size=16384, Shape=normal]
//   PostStreamingBench.Legacy: Job-KULIUI(Runtime=.NET 10.0, IterationCount=4, WarmupCount=1) [Size=65536, Shape=dot-leading]
//   PostStreamingBench.Streaming: Job-KULIUI(Runtime=.NET 10.0, IterationCount=4, WarmupCount=1) [Size=65536, Shape=dot-leading]
//   PostStreamingBench.Legacy: Job-KULIUI(Runtime=.NET 10.0, IterationCount=4, WarmupCount=1) [Size=65536, Shape=multi-header]
//   PostStreamingBench.Streaming: Job-KULIUI(Runtime=.NET 10.0, IterationCount=4, WarmupCount=1) [Size=65536, Shape=multi-header]
//   PostStreamingBench.Legacy: Job-KULIUI(Runtime=.NET 10.0, IterationCount=4, WarmupCount=1) [Size=65536, Shape=normal]
//   PostStreamingBench.Streaming: Job-KULIUI(Runtime=.NET 10.0, IterationCount=4, WarmupCount=1) [Size=65536, Shape=normal]
//   PostStreamingBench.Legacy: Job-KULIUI(Runtime=.NET 10.0, IterationCount=4, WarmupCount=1) [Size=262144, Shape=dot-leading]
//   PostStreamingBench.Streaming: Job-KULIUI(Runtime=.NET 10.0, IterationCount=4, WarmupCount=1) [Size=262144, Shape=dot-leading]
//   PostStreamingBench.Legacy: Job-KULIUI(Runtime=.NET 10.0, IterationCount=4, WarmupCount=1) [Size=262144, Shape=multi-header]
//   PostStreamingBench.Streaming: Job-KULIUI(Runtime=.NET 10.0, IterationCount=4, WarmupCount=1) [Size=262144, Shape=multi-header]
//   PostStreamingBench.Legacy: Job-KULIUI(Runtime=.NET 10.0, IterationCount=4, WarmupCount=1) [Size=262144, Shape=normal]
//   PostStreamingBench.Streaming: Job-KULIUI(Runtime=.NET 10.0, IterationCount=4, WarmupCount=1) [Size=262144, Shape=normal]
//   PostStreamingBench.Legacy: Job-KULIUI(Runtime=.NET 10.0, IterationCount=4, WarmupCount=1) [Size=1048576, Shape=dot-leading]
//   PostStreamingBench.Streaming: Job-KULIUI(Runtime=.NET 10.0, IterationCount=4, WarmupCount=1) [Size=1048576, Shape=dot-leading]
//   PostStreamingBench.Legacy: Job-KULIUI(Runtime=.NET 10.0, IterationCount=4, WarmupCount=1) [Size=1048576, Shape=multi-header]
//   PostStreamingBench.Streaming: Job-KULIUI(Runtime=.NET 10.0, IterationCount=4, WarmupCount=1) [Size=1048576, Shape=multi-header]
//   PostStreamingBench.Legacy: Job-KULIUI(Runtime=.NET 10.0, IterationCount=4, WarmupCount=1) [Size=1048576, Shape=normal]
//   PostStreamingBench.Streaming: Job-KULIUI(Runtime=.NET 10.0, IterationCount=4, WarmupCount=1) [Size=1048576, Shape=normal]
//   PostStreamingBench.Legacy: Job-KULIUI(Runtime=.NET 10.0, IterationCount=4, WarmupCount=1) [Size=5242880, Shape=dot-leading]
//   PostStreamingBench.Streaming: Job-KULIUI(Runtime=.NET 10.0, IterationCount=4, WarmupCount=1) [Size=5242880, Shape=dot-leading]
//   PostStreamingBench.Legacy: Job-KULIUI(Runtime=.NET 10.0, IterationCount=4, WarmupCount=1) [Size=5242880, Shape=multi-header]
//   PostStreamingBench.Streaming: Job-KULIUI(Runtime=.NET 10.0, IterationCount=4, WarmupCount=1) [Size=5242880, Shape=multi-header]
//   PostStreamingBench.Legacy: Job-KULIUI(Runtime=.NET 10.0, IterationCount=4, WarmupCount=1) [Size=5242880, Shape=normal]
//   PostStreamingBench.Streaming: Job-KULIUI(Runtime=.NET 10.0, IterationCount=4, WarmupCount=1) [Size=5242880, Shape=normal]

Setup power plan (GUID: 8c5e7fda-e8bf-4a96-9a85-a6e23a8c635c FriendlyName: High performance)
// **************************
// Benchmark: PostStreamingBench.Legacy: Job-KULIUI(Runtime=.NET 10.0, IterationCount=4, WarmupCount=1) [Size=1024, Shape=dot-leading]
// *** Execute ***
// Launch: 1 / 1
// Execute: dotnet VectorNNTP.NNTPD.PostAllocBench-1.dll --anonymousPipes 40520 3908 --benchmarkName "VectorNNTP.NNTPD.PostAllocBench.PostStreamingBench.Legacy(Size: 1024, Shape: \"dot-leading\")" --job "Runtime=.NET 10.0, IterationCount=4, WarmupCount=1" --benchmarkId 0 in C:\Users\chrisk\source\repos\Usenet.ninja\VectorNNTP\tools\VectorNNTP.NNTPD.PostAllocBench\bin\Release\net10.0\VectorNNTP.NNTPD.PostAllocBench-1\bin\Release\net10.0
// BeforeAnythingElse

// Benchmark Process Environment Information:
// BenchmarkDotNet v0.15.2
// Runtime=.NET 10.0.12 (10.0.1226.42308), X64 RyuJIT AVX2
// GC=Concurrent Workstation
// HardwareIntrinsics=AVX2,AES,BMI1,BMI2,FMA,LZCNT,PCLMUL,POPCNT,AvxVnni,SERIALIZE VectorSize=256
// Job: Job-EATLBP(IterationCount=4, WarmupCount=1)

OverheadJitting  1: 1 op, 152600.00 ns, 152.6000 us/op
WorkloadJitting  1: 1 op, 13790800.00 ns, 13.7908 ms/op

OverheadJitting  2: 16 op, 287300.00 ns, 17.9563 us/op
WorkloadJitting  2: 16 op, 2445900.00 ns, 152.8688 us/op

WorkloadPilot    1: 16 op, 1254100.00 ns, 78.3813 us/op
WorkloadPilot    2: 32 op, 2282200.00 ns, 71.3188 us/op
WorkloadPilot    3: 64 op, 4920800.00 ns, 76.8875 us/op
WorkloadPilot    4: 128 op, 9500900.00 ns, 74.2258 us/op
WorkloadPilot    5: 256 op, 17672500.00 ns, 69.0332 us/op
WorkloadPilot    6: 512 op, 33308800.00 ns, 65.0563 us/op
WorkloadPilot    7: 1024 op, 62056600.00 ns, 60.6021 us/op
WorkloadPilot    8: 2048 op, 113568600.00 ns, 55.4534 us/op
WorkloadPilot    9: 4096 op, 170584200.00 ns, 41.6465 us/op
WorkloadPilot   10: 8192 op, 132133700.00 ns, 16.1296 us/op
WorkloadPilot   11: 16384 op, 142636800.00 ns, 8.7059 us/op
WorkloadPilot   12: 32768 op, 254610700.00 ns, 7.7701 us/op
WorkloadPilot   13: 65536 op, 490853400.00 ns, 7.4898 us/op
WorkloadPilot   14: 131072 op, 1029326100.00 ns, 7.8531 us/op

OverheadWarmup   1: 131072 op, 209000.00 ns, 1.5945 ns/op
OverheadWarmup   2: 131072 op, 196200.00 ns, 1.4969 ns/op
OverheadWarmup   3: 131072 op, 195900.00 ns, 1.4946 ns/op
OverheadWarmup   4: 131072 op, 196000.00 ns, 1.4954 ns/op
OverheadWarmup   5: 131072 op, 200000.00 ns, 1.5259 ns/op
OverheadWarmup   6: 131072 op, 197100.00 ns, 1.5038 ns/op
OverheadWarmup   7: 131072 op, 200200.00 ns, 1.5274 ns/op
OverheadWarmup   8: 131072 op, 199800.00 ns, 1.5244 ns/op

OverheadActual   1: 131072 op, 195900.00 ns, 1.4946 ns/op
OverheadActual   2: 131072 op, 207400.00 ns, 1.5823 ns/op
OverheadActual   3: 131072 op, 196000.00 ns, 1.4954 ns/op
OverheadActual   4: 131072 op, 200000.00 ns, 1.5259 ns/op
OverheadActual   5: 131072 op, 209600.00 ns, 1.5991 ns/op
OverheadActual   6: 131072 op, 199600.00 ns, 1.5228 ns/op
OverheadActual   7: 131072 op, 199700.00 ns, 1.5236 ns/op
OverheadActual   8: 131072 op, 208800.00 ns, 1.5930 ns/op
OverheadActual   9: 131072 op, 199600.00 ns, 1.5228 ns/op
OverheadActual  10: 131072 op, 201100.00 ns, 1.5343 ns/op
OverheadActual  11: 131072 op, 210800.00 ns, 1.6083 ns/op
OverheadActual  12: 131072 op, 199900.00 ns, 1.5251 ns/op
OverheadActual  13: 131072 op, 205800.00 ns, 1.5701 ns/op
OverheadActual  14: 131072 op, 199900.00 ns, 1.5251 ns/op
OverheadActual  15: 131072 op, 199700.00 ns, 1.5236 ns/op

WorkloadWarmup   1: 131072 op, 988882400.00 ns, 7.5446 us/op

// BeforeActualRun
WorkloadActual   1: 131072 op, 982443300.00 ns, 7.4954 us/op
WorkloadActual   2: 131072 op, 992663400.00 ns, 7.5734 us/op
WorkloadActual   3: 131072 op, 992046600.00 ns, 7.5687 us/op
WorkloadActual   4: 131072 op, 975654200.00 ns, 7.4437 us/op

// AfterActualRun
WorkloadResult   1: 131072 op, 982243400.00 ns, 7.4939 us/op
WorkloadResult   2: 131072 op, 992463500.00 ns, 7.5719 us/op
WorkloadResult   3: 131072 op, 991846700.00 ns, 7.5672 us/op
WorkloadResult   4: 131072 op, 975454300.00 ns, 7.4421 us/op
// GC:  645 161 0 10150215680 131072
// Threading:  0 0 131072

// AfterAll
// Benchmark Process 24092 has exited with code 0.

Mean = 7.519 μs, StdErr = 0.031 μs (0.41%), N = 4, StdDev = 0.062 μs
Min = 7.442 μs, Q1 = 7.481 μs, Median = 7.531 μs, Q3 = 7.568 μs, Max = 7.572 μs
IQR = 0.087 μs, LowerFence = 7.350 μs, UpperFence = 7.699 μs
ConfidenceInterval = [7.116 μs; 7.922 μs] (CI 99.9%), Margin = 0.403 μs (5.36% of Mean)
Skewness = -0.21, Kurtosis = 0.8, MValue = 2

// ** Remained 35 (97.2%) benchmark(s) to run. Estimated finish 2026-09-25 13:45 (0h 5m from now) **
Setup power plan (GUID: 8c5e7fda-e8bf-4a96-9a85-a6e23a8c635c FriendlyName: High performance)
// **************************
// Benchmark: PostStreamingBench.Streaming: Job-KULIUI(Runtime=.NET 10.0, IterationCount=4, WarmupCount=1) [Size=1024, Shape=dot-leading]
// *** Execute ***
// Launch: 1 / 1
// Execute: dotnet VectorNNTP.NNTPD.PostAllocBench-1.dll --anonymousPipes 37164 37156 --benchmarkName "VectorNNTP.NNTPD.PostAllocBench.PostStreamingBench.Streaming(Size: 1024, Shape: \"dot-leading\")" --job "Runtime=.NET 10.0, IterationCount=4, WarmupCount=1" --benchmarkId 1 in C:\Users\chrisk\source\repos\Usenet.ninja\VectorNNTP\tools\VectorNNTP.NNTPD.PostAllocBench\bin\Release\net10.0\VectorNNTP.NNTPD.PostAllocBench-1\bin\Release\net10.0
// BeforeAnythingElse

// Benchmark Process Environment Information:
// BenchmarkDotNet v0.15.2
// Runtime=.NET 10.0.12 (10.0.1226.42308), X64 RyuJIT AVX2
// GC=Concurrent Workstation
// HardwareIntrinsics=AVX2,AES,BMI1,BMI2,FMA,LZCNT,PCLMUL,POPCNT,AvxVnni,SERIALIZE VectorSize=256
// Job: Job-EATLBP(IterationCount=4, WarmupCount=1)

OverheadJitting  1: 1 op, 176900.00 ns, 176.9000 us/op
WorkloadJitting  1: 1 op, 13384900.00 ns, 13.3849 ms/op

OverheadJitting  2: 16 op, 298600.00 ns, 18.6625 us/op
WorkloadJitting  2: 16 op, 975600.00 ns, 60.9750 us/op

WorkloadPilot    1: 16 op, 618600.00 ns, 38.6625 us/op
WorkloadPilot    2: 32 op, 1118600.00 ns, 34.9563 us/op
WorkloadPilot    3: 64 op, 2422400.00 ns, 37.8500 us/op
WorkloadPilot    4: 128 op, 5593000.00 ns, 43.6953 us/op
WorkloadPilot    5: 256 op, 9763900.00 ns, 38.1402 us/op
WorkloadPilot    6: 512 op, 14465600.00 ns, 28.2531 us/op
WorkloadPilot    7: 1024 op, 27668600.00 ns, 27.0201 us/op
WorkloadPilot    8: 2048 op, 57199200.00 ns, 27.9293 us/op
WorkloadPilot    9: 4096 op, 116736600.00 ns, 28.5001 us/op
WorkloadPilot   10: 8192 op, 137278300.00 ns, 16.7576 us/op
WorkloadPilot   11: 16384 op, 116322500.00 ns, 7.0998 us/op
WorkloadPilot   12: 32768 op, 172701600.00 ns, 5.2704 us/op
WorkloadPilot   13: 65536 op, 352724000.00 ns, 5.3821 us/op
WorkloadPilot   14: 131072 op, 705797600.00 ns, 5.3848 us/op

OverheadWarmup   1: 131072 op, 256000.00 ns, 1.9531 ns/op
OverheadWarmup   2: 131072 op, 237000.00 ns, 1.8082 ns/op
OverheadWarmup   3: 131072 op, 207800.00 ns, 1.5854 ns/op
OverheadWarmup   4: 131072 op, 197000.00 ns, 1.5030 ns/op
OverheadWarmup   5: 131072 op, 196800.00 ns, 1.5015 ns/op
OverheadWarmup   6: 131072 op, 197100.00 ns, 1.5038 ns/op
OverheadWarmup   7: 131072 op, 196900.00 ns, 1.5022 ns/op
OverheadWarmup   8: 131072 op, 231200.00 ns, 1.7639 ns/op
OverheadWarmup   9: 131072 op, 197000.00 ns, 1.5030 ns/op

OverheadActual   1: 131072 op, 197300.00 ns, 1.5053 ns/op
OverheadActual   2: 131072 op, 197100.00 ns, 1.5038 ns/op
OverheadActual   3: 131072 op, 210600.00 ns, 1.6068 ns/op
OverheadActual   4: 131072 op, 210000.00 ns, 1.6022 ns/op
OverheadActual   5: 131072 op, 197100.00 ns, 1.5038 ns/op
OverheadActual   6: 131072 op, 196800.00 ns, 1.5015 ns/op
OverheadActual   7: 131072 op, 205700.00 ns, 1.5694 ns/op
OverheadActual   8: 131072 op, 196800.00 ns, 1.5015 ns/op
OverheadActual   9: 131072 op, 197100.00 ns, 1.5038 ns/op
OverheadActual  10: 131072 op, 197100.00 ns, 1.5038 ns/op
OverheadActual  11: 131072 op, 197100.00 ns, 1.5038 ns/op
OverheadActual  12: 131072 op, 197000.00 ns, 1.5030 ns/op
OverheadActual  13: 131072 op, 206700.00 ns, 1.5770 ns/op
OverheadActual  14: 131072 op, 196900.00 ns, 1.5022 ns/op
OverheadActual  15: 131072 op, 204100.00 ns, 1.5572 ns/op

WorkloadWarmup   1: 131072 op, 720119700.00 ns, 5.4941 us/op

// BeforeActualRun
WorkloadActual   1: 131072 op, 719800200.00 ns, 5.4916 us/op
WorkloadActual   2: 131072 op, 693492300.00 ns, 5.2909 us/op
WorkloadActual   3: 131072 op, 715851600.00 ns, 5.4615 us/op
WorkloadActual   4: 131072 op, 714128500.00 ns, 5.4484 us/op

// AfterActualRun
WorkloadResult   1: 131072 op, 719603100.00 ns, 5.4901 us/op
WorkloadResult   2: 131072 op, 693295200.00 ns, 5.2894 us/op
WorkloadResult   3: 131072 op, 715654500.00 ns, 5.4600 us/op
WorkloadResult   4: 131072 op, 713931400.00 ns, 5.4469 us/op
// GC:  574 143 0 9069133824 131072
// Threading:  0 0 131072

// AfterAll
// Benchmark Process 7056 has exited with code 0.

Mean = 5.422 μs, StdErr = 0.045 μs (0.83%), N = 4, StdDev = 0.090 μs
Min = 5.289 μs, Q1 = 5.408 μs, Median = 5.453 μs, Q3 = 5.468 μs, Max = 5.490 μs
IQR = 0.060 μs, LowerFence = 5.317 μs, UpperFence = 5.558 μs
ConfidenceInterval = [4.840 μs; 6.003 μs] (CI 99.9%), Margin = 0.581 μs (10.72% of Mean)
Skewness = -0.66, Kurtosis = 1.26, MValue = 2

// ** Remained 34 (94.4%) benchmark(s) to run. Estimated finish 2026-09-25 13:44 (0h 4m from now) **
Setup power plan (GUID: 8c5e7fda-e8bf-4a96-9a85-a6e23a8c635c FriendlyName: High performance)
// **************************
// Benchmark: PostStreamingBench.Legacy: Job-KULIUI(Runtime=.NET 10.0, IterationCount=4, WarmupCount=1) [Size=1024, Shape=multi-header]
// *** Execute ***
// Launch: 1 / 1
// Execute: dotnet VectorNNTP.NNTPD.PostAllocBench-1.dll --anonymousPipes 40520 3908 --benchmarkName "VectorNNTP.NNTPD.PostAllocBench.PostStreamingBench.Legacy(Size: 1024, Shape: \"multi-header\")" --job "Runtime=.NET 10.0, IterationCount=4, WarmupCount=1" --benchmarkId 2 in C:\Users\chrisk\source\repos\Usenet.ninja\VectorNNTP\tools\VectorNNTP.NNTPD.PostAllocBench\bin\Release\net10.0\VectorNNTP.NNTPD.PostAllocBench-1\bin\Release\net10.0
// BeforeAnythingElse

// Benchmark Process Environment Information:
// BenchmarkDotNet v0.15.2
// Runtime=.NET 10.0.12 (10.0.1226.42308), X64 RyuJIT AVX2
// GC=Concurrent Workstation
// HardwareIntrinsics=AVX2,AES,BMI1,BMI2,FMA,LZCNT,PCLMUL,POPCNT,AvxVnni,SERIALIZE VectorSize=256
// Job: Job-EATLBP(IterationCount=4, WarmupCount=1)

OverheadJitting  1: 1 op, 157300.00 ns, 157.3000 us/op
WorkloadJitting  1: 1 op, 14071600.00 ns, 14.0716 ms/op

OverheadJitting  2: 16 op, 246400.00 ns, 15.4000 us/op
WorkloadJitting  2: 16 op, 2057000.00 ns, 128.5625 us/op

WorkloadPilot    1: 16 op, 1075600.00 ns, 67.2250 us/op
WorkloadPilot    2: 32 op, 1627000.00 ns, 50.8438 us/op
WorkloadPilot    3: 64 op, 3300600.00 ns, 51.5719 us/op
WorkloadPilot    4: 128 op, 6159700.00 ns, 48.1227 us/op
WorkloadPilot    5: 256 op, 10879500.00 ns, 42.4980 us/op
WorkloadPilot    6: 512 op, 17385700.00 ns, 33.9564 us/op
WorkloadPilot    7: 1024 op, 32914000.00 ns, 32.1426 us/op
WorkloadPilot    8: 2048 op, 62197500.00 ns, 30.3699 us/op
WorkloadPilot    9: 4096 op, 131469200.00 ns, 32.0970 us/op
WorkloadPilot   10: 8192 op, 211197300.00 ns, 25.7809 us/op
WorkloadPilot   11: 16384 op, 177347000.00 ns, 10.8244 us/op
WorkloadPilot   12: 32768 op, 253290600.00 ns, 7.7298 us/op
WorkloadPilot   13: 65536 op, 377897400.00 ns, 5.7663 us/op
WorkloadPilot   14: 131072 op, 783125800.00 ns, 5.9748 us/op

OverheadWarmup   1: 131072 op, 197800.00 ns, 1.5091 ns/op
OverheadWarmup   2: 131072 op, 196800.00 ns, 1.5015 ns/op
OverheadWarmup   3: 131072 op, 196500.00 ns, 1.4992 ns/op
OverheadWarmup   4: 131072 op, 196700.00 ns, 1.5007 ns/op
OverheadWarmup   5: 131072 op, 196600.00 ns, 1.4999 ns/op
OverheadWarmup   6: 131072 op, 207300.00 ns, 1.5816 ns/op
OverheadWarmup   7: 131072 op, 196600.00 ns, 1.4999 ns/op

OverheadActual   1: 131072 op, 206800.00 ns, 1.5778 ns/op
OverheadActual   2: 131072 op, 196300.00 ns, 1.4977 ns/op
OverheadActual   3: 131072 op, 196500.00 ns, 1.4992 ns/op
OverheadActual   4: 131072 op, 196500.00 ns, 1.4992 ns/op
OverheadActual   5: 131072 op, 197000.00 ns, 1.5030 ns/op
OverheadActual   6: 131072 op, 196900.00 ns, 1.5022 ns/op
OverheadActual   7: 131072 op, 196300.00 ns, 1.4977 ns/op
OverheadActual   8: 131072 op, 196300.00 ns, 1.4977 ns/op
OverheadActual   9: 131072 op, 197900.00 ns, 1.5099 ns/op
OverheadActual  10: 131072 op, 198600.00 ns, 1.5152 ns/op
OverheadActual  11: 131072 op, 211200.00 ns, 1.6113 ns/op
OverheadActual  12: 131072 op, 198100.00 ns, 1.5114 ns/op
OverheadActual  13: 131072 op, 196300.00 ns, 1.4977 ns/op
OverheadActual  14: 131072 op, 196300.00 ns, 1.4977 ns/op
OverheadActual  15: 131072 op, 196500.00 ns, 1.4992 ns/op

WorkloadWarmup   1: 131072 op, 721696700.00 ns, 5.5061 us/op

// BeforeActualRun
WorkloadActual   1: 131072 op, 726755200.00 ns, 5.5447 us/op
WorkloadActual   2: 131072 op, 714251000.00 ns, 5.4493 us/op
WorkloadActual   3: 131072 op, 731817000.00 ns, 5.5833 us/op
WorkloadActual   4: 131072 op, 725650500.00 ns, 5.5363 us/op

// AfterActualRun
WorkloadResult   1: 131072 op, 726558700.00 ns, 5.5432 us/op
WorkloadResult   2: 131072 op, 714054500.00 ns, 5.4478 us/op
WorkloadResult   3: 131072 op, 731620500.00 ns, 5.5818 us/op
WorkloadResult   4: 131072 op, 725454000.00 ns, 5.5348 us/op
// GC:  658 82 0 10354688000 131072
// Threading:  0 0 131072

// AfterAll
// Benchmark Process 20572 has exited with code 0.

Mean = 5.527 μs, StdErr = 0.028 μs (0.51%), N = 4, StdDev = 0.057 μs
Min = 5.448 μs, Q1 = 5.513 μs, Median = 5.539 μs, Q3 = 5.553 μs, Max = 5.582 μs
IQR = 0.040 μs, LowerFence = 5.453 μs, UpperFence = 5.613 μs
ConfidenceInterval = [5.161 μs; 5.892 μs] (CI 99.9%), Margin = 0.366 μs (6.61% of Mean)
Skewness = -0.45, Kurtosis = 1.18, MValue = 2

// ** Remained 33 (91.7%) benchmark(s) to run. Estimated finish 2026-09-25 13:44 (0h 3m from now) **
Setup power plan (GUID: 8c5e7fda-e8bf-4a96-9a85-a6e23a8c635c FriendlyName: High performance)
// **************************
// Benchmark: PostStreamingBench.Streaming: Job-KULIUI(Runtime=.NET 10.0, IterationCount=4, WarmupCount=1) [Size=1024, Shape=multi-header]
// *** Execute ***
// Launch: 1 / 1
// Execute: dotnet VectorNNTP.NNTPD.PostAllocBench-1.dll --anonymousPipes 40064 40276 --benchmarkName "VectorNNTP.NNTPD.PostAllocBench.PostStreamingBench.Streaming(Size: 1024, Shape: \"multi-header\")" --job "Runtime=.NET 10.0, IterationCount=4, WarmupCount=1" --benchmarkId 3 in C:\Users\chrisk\source\repos\Usenet.ninja\VectorNNTP\tools\VectorNNTP.NNTPD.PostAllocBench\bin\Release\net10.0\VectorNNTP.NNTPD.PostAllocBench-1\bin\Release\net10.0
// BeforeAnythingElse

// Benchmark Process Environment Information:
// BenchmarkDotNet v0.15.2
// Runtime=.NET 10.0.12 (10.0.1226.42308), X64 RyuJIT AVX2
// GC=Concurrent Workstation
// HardwareIntrinsics=AVX2,AES,BMI1,BMI2,FMA,LZCNT,PCLMUL,POPCNT,AvxVnni,SERIALIZE VectorSize=256
// Job: Job-EATLBP(IterationCount=4, WarmupCount=1)

OverheadJitting  1: 1 op, 155800.00 ns, 155.8000 us/op
WorkloadJitting  1: 1 op, 13431600.00 ns, 13.4316 ms/op

OverheadJitting  2: 16 op, 255100.00 ns, 15.9438 us/op
WorkloadJitting  2: 16 op, 917500.00 ns, 57.3438 us/op

WorkloadPilot    1: 16 op, 602900.00 ns, 37.6813 us/op
WorkloadPilot    2: 32 op, 1120400.00 ns, 35.0125 us/op
WorkloadPilot    3: 64 op, 2503200.00 ns, 39.1125 us/op
WorkloadPilot    4: 128 op, 4676700.00 ns, 36.5367 us/op
WorkloadPilot    5: 256 op, 8763500.00 ns, 34.2324 us/op
WorkloadPilot    6: 512 op, 12591100.00 ns, 24.5920 us/op
WorkloadPilot    7: 1024 op, 23417100.00 ns, 22.8683 us/op
WorkloadPilot    8: 2048 op, 44464700.00 ns, 21.7113 us/op
WorkloadPilot    9: 4096 op, 87167000.00 ns, 21.2810 us/op
WorkloadPilot   10: 8192 op, 200497800.00 ns, 24.4748 us/op
WorkloadPilot   11: 16384 op, 155057100.00 ns, 9.4639 us/op
WorkloadPilot   12: 32768 op, 155749000.00 ns, 4.7531 us/op
WorkloadPilot   13: 65536 op, 293765400.00 ns, 4.4825 us/op
WorkloadPilot   14: 131072 op, 584613600.00 ns, 4.4602 us/op

OverheadWarmup   1: 131072 op, 209500.00 ns, 1.5984 ns/op
OverheadWarmup   2: 131072 op, 232700.00 ns, 1.7754 ns/op
OverheadWarmup   3: 131072 op, 199400.00 ns, 1.5213 ns/op
OverheadWarmup   4: 131072 op, 204800.00 ns, 1.5625 ns/op
OverheadWarmup   5: 131072 op, 196200.00 ns, 1.4969 ns/op

OverheadActual   1: 131072 op, 237300.00 ns, 1.8105 ns/op
OverheadActual   2: 131072 op, 199600.00 ns, 1.5228 ns/op
OverheadActual   3: 131072 op, 199700.00 ns, 1.5236 ns/op
OverheadActual   4: 131072 op, 199600.00 ns, 1.5228 ns/op
OverheadActual   5: 131072 op, 200200.00 ns, 1.5274 ns/op
OverheadActual   6: 131072 op, 273800.00 ns, 2.0889 ns/op
OverheadActual   7: 131072 op, 199700.00 ns, 1.5236 ns/op
OverheadActual   8: 131072 op, 199600.00 ns, 1.5228 ns/op
OverheadActual   9: 131072 op, 203500.00 ns, 1.5526 ns/op
OverheadActual  10: 131072 op, 199500.00 ns, 1.5221 ns/op
OverheadActual  11: 131072 op, 202300.00 ns, 1.5434 ns/op
OverheadActual  12: 131072 op, 212400.00 ns, 1.6205 ns/op
OverheadActual  13: 131072 op, 199600.00 ns, 1.5228 ns/op
OverheadActual  14: 131072 op, 199400.00 ns, 1.5213 ns/op
OverheadActual  15: 131072 op, 211300.00 ns, 1.6121 ns/op

WorkloadWarmup   1: 131072 op, 577752200.00 ns, 4.4079 us/op

// BeforeActualRun
WorkloadActual   1: 131072 op, 575950400.00 ns, 4.3942 us/op
WorkloadActual   2: 131072 op, 582696500.00 ns, 4.4456 us/op
WorkloadActual   3: 131072 op, 587098600.00 ns, 4.4792 us/op
WorkloadActual   4: 131072 op, 589859400.00 ns, 4.5003 us/op

// AfterActualRun
WorkloadResult   1: 131072 op, 575750700.00 ns, 4.3926 us/op
WorkloadResult   2: 131072 op, 582496800.00 ns, 4.4441 us/op
WorkloadResult   3: 131072 op, 586898900.00 ns, 4.4777 us/op
WorkloadResult   4: 131072 op, 589659700.00 ns, 4.4987 us/op
// GC:  593 6 0 9321840640 131072
// Threading:  0 0 131072

// AfterAll
// Benchmark Process 28628 has exited with code 0.

Mean = 4.453 μs, StdErr = 0.023 μs (0.52%), N = 4, StdDev = 0.046 μs
Min = 4.393 μs, Q1 = 4.431 μs, Median = 4.461 μs, Q3 = 4.483 μs, Max = 4.499 μs
IQR = 0.052 μs, LowerFence = 4.354 μs, UpperFence = 4.561 μs
ConfidenceInterval = [4.154 μs; 4.752 μs] (CI 99.9%), Margin = 0.299 μs (6.72% of Mean)
Skewness = -0.29, Kurtosis = 0.99, MValue = 2

// ** Remained 32 (88.9%) benchmark(s) to run. Estimated finish 2026-09-25 13:44 (0h 3m from now) **
Setup power plan (GUID: 8c5e7fda-e8bf-4a96-9a85-a6e23a8c635c FriendlyName: High performance)
// **************************
// Benchmark: PostStreamingBench.Legacy: Job-KULIUI(Runtime=.NET 10.0, IterationCount=4, WarmupCount=1) [Size=1024, Shape=normal]
// *** Execute ***
// Launch: 1 / 1
// Execute: dotnet VectorNNTP.NNTPD.PostAllocBench-1.dll --anonymousPipes 40052 2852 --benchmarkName "VectorNNTP.NNTPD.PostAllocBench.PostStreamingBench.Legacy(Size: 1024, Shape: \"normal\")" --job "Runtime=.NET 10.0, IterationCount=4, WarmupCount=1" --benchmarkId 4 in C:\Users\chrisk\source\repos\Usenet.ninja\VectorNNTP\tools\VectorNNTP.NNTPD.PostAllocBench\bin\Release\net10.0\VectorNNTP.NNTPD.PostAllocBench-1\bin\Release\net10.0
// BeforeAnythingElse

// Benchmark Process Environment Information:
// BenchmarkDotNet v0.15.2
// Runtime=.NET 10.0.12 (10.0.1226.42308), X64 RyuJIT AVX2
// GC=Concurrent Workstation
// HardwareIntrinsics=AVX2,AES,BMI1,BMI2,FMA,LZCNT,PCLMUL,POPCNT,AvxVnni,SERIALIZE VectorSize=256
// Job: Job-EATLBP(IterationCount=4, WarmupCount=1)

OverheadJitting  1: 1 op, 158200.00 ns, 158.2000 us/op
WorkloadJitting  1: 1 op, 14003500.00 ns, 14.0035 ms/op

OverheadJitting  2: 16 op, 262700.00 ns, 16.4188 us/op
WorkloadJitting  2: 16 op, 1870400.00 ns, 116.9000 us/op

WorkloadPilot    1: 16 op, 679600.00 ns, 42.4750 us/op
WorkloadPilot    2: 32 op, 1032200.00 ns, 32.2563 us/op
WorkloadPilot    3: 64 op, 2421300.00 ns, 37.8328 us/op
WorkloadPilot    4: 128 op, 4656100.00 ns, 36.3758 us/op
WorkloadPilot    5: 256 op, 8119500.00 ns, 31.7168 us/op
WorkloadPilot    6: 512 op, 11808700.00 ns, 23.0639 us/op
WorkloadPilot    7: 1024 op, 22826600.00 ns, 22.2916 us/op
WorkloadPilot    8: 2048 op, 43095800.00 ns, 21.0429 us/op
WorkloadPilot    9: 4096 op, 82794300.00 ns, 20.2135 us/op
WorkloadPilot   10: 8192 op, 184186300.00 ns, 22.4837 us/op
WorkloadPilot   11: 16384 op, 192739700.00 ns, 11.7639 us/op
WorkloadPilot   12: 32768 op, 244476400.00 ns, 7.4608 us/op
WorkloadPilot   13: 65536 op, 309450900.00 ns, 4.7218 us/op
WorkloadPilot   14: 131072 op, 609745400.00 ns, 4.6520 us/op

OverheadWarmup   1: 131072 op, 197400.00 ns, 1.5060 ns/op
OverheadWarmup   2: 131072 op, 200500.00 ns, 1.5297 ns/op
OverheadWarmup   3: 131072 op, 208700.00 ns, 1.5923 ns/op
OverheadWarmup   4: 131072 op, 206700.00 ns, 1.5770 ns/op
OverheadWarmup   5: 131072 op, 204700.00 ns, 1.5617 ns/op
OverheadWarmup   6: 131072 op, 196300.00 ns, 1.4977 ns/op
OverheadWarmup   7: 131072 op, 196100.00 ns, 1.4961 ns/op
OverheadWarmup   8: 131072 op, 196100.00 ns, 1.4961 ns/op
OverheadWarmup   9: 131072 op, 196200.00 ns, 1.4969 ns/op

OverheadActual   1: 131072 op, 196200.00 ns, 1.4969 ns/op
OverheadActual   2: 131072 op, 205900.00 ns, 1.5709 ns/op
OverheadActual   3: 131072 op, 196300.00 ns, 1.4977 ns/op
OverheadActual   4: 131072 op, 196000.00 ns, 1.4954 ns/op
OverheadActual   5: 131072 op, 235100.00 ns, 1.7937 ns/op
OverheadActual   6: 131072 op, 195600.00 ns, 1.4923 ns/op
OverheadActual   7: 131072 op, 195600.00 ns, 1.4923 ns/op
OverheadActual   8: 131072 op, 202100.00 ns, 1.5419 ns/op
OverheadActual   9: 131072 op, 204500.00 ns, 1.5602 ns/op
OverheadActual  10: 131072 op, 196300.00 ns, 1.4977 ns/op
OverheadActual  11: 131072 op, 196400.00 ns, 1.4984 ns/op
OverheadActual  12: 131072 op, 196200.00 ns, 1.4969 ns/op
OverheadActual  13: 131072 op, 196200.00 ns, 1.4969 ns/op
OverheadActual  14: 131072 op, 196200.00 ns, 1.4969 ns/op
OverheadActual  15: 131072 op, 196300.00 ns, 1.4977 ns/op

WorkloadWarmup   1: 131072 op, 592884800.00 ns, 4.5234 us/op

// BeforeActualRun
WorkloadActual   1: 131072 op, 594918200.00 ns, 4.5389 us/op
WorkloadActual   2: 131072 op, 602629800.00 ns, 4.5977 us/op
WorkloadActual   3: 131072 op, 620844400.00 ns, 4.7367 us/op
WorkloadActual   4: 131072 op, 616920200.00 ns, 4.7067 us/op

// AfterActualRun
WorkloadResult   1: 131072 op, 594721900.00 ns, 4.5374 us/op
WorkloadResult   2: 131072 op, 602433500.00 ns, 4.5962 us/op
WorkloadResult   3: 131072 op, 620648100.00 ns, 4.7352 us/op
WorkloadResult   4: 131072 op, 616723900.00 ns, 4.7052 us/op
// GC:  642 160 0 10127147008 131072
// Threading:  0 0 131072

// AfterAll
// Benchmark Process 10384 has exited with code 0.

Mean = 4.643 μs, StdErr = 0.046 μs (1.00%), N = 4, StdDev = 0.093 μs
Min = 4.537 μs, Q1 = 4.581 μs, Median = 4.651 μs, Q3 = 4.713 μs, Max = 4.735 μs
IQR = 0.131 μs, LowerFence = 4.385 μs, UpperFence = 4.910 μs
ConfidenceInterval = [4.045 μs; 5.242 μs] (CI 99.9%), Margin = 0.598 μs (12.88% of Mean)
Skewness = -0.09, Kurtosis = 0.74, MValue = 2

// ** Remained 31 (86.1%) benchmark(s) to run. Estimated finish 2026-09-25 13:44 (0h 3m from now) **
Setup power plan (GUID: 8c5e7fda-e8bf-4a96-9a85-a6e23a8c635c FriendlyName: High performance)
// **************************
// Benchmark: PostStreamingBench.Streaming: Job-KULIUI(Runtime=.NET 10.0, IterationCount=4, WarmupCount=1) [Size=1024, Shape=normal]
// *** Execute ***
// Launch: 1 / 1
// Execute: dotnet VectorNNTP.NNTPD.PostAllocBench-1.dll --anonymousPipes 40292 2928 --benchmarkName "VectorNNTP.NNTPD.PostAllocBench.PostStreamingBench.Streaming(Size: 1024, Shape: \"normal\")" --job "Runtime=.NET 10.0, IterationCount=4, WarmupCount=1" --benchmarkId 5 in C:\Users\chrisk\source\repos\Usenet.ninja\VectorNNTP\tools\VectorNNTP.NNTPD.PostAllocBench\bin\Release\net10.0\VectorNNTP.NNTPD.PostAllocBench-1\bin\Release\net10.0
// BeforeAnythingElse

// Benchmark Process Environment Information:
// BenchmarkDotNet v0.15.2
// Runtime=.NET 10.0.12 (10.0.1226.42308), X64 RyuJIT AVX2
// GC=Concurrent Workstation
// HardwareIntrinsics=AVX2,AES,BMI1,BMI2,FMA,LZCNT,PCLMUL,POPCNT,AvxVnni,SERIALIZE VectorSize=256
// Job: Job-EATLBP(IterationCount=4, WarmupCount=1)

OverheadJitting  1: 1 op, 174400.00 ns, 174.4000 us/op
WorkloadJitting  1: 1 op, 13361000.00 ns, 13.3610 ms/op

OverheadJitting  2: 16 op, 259000.00 ns, 16.1875 us/op
WorkloadJitting  2: 16 op, 834500.00 ns, 52.1563 us/op

WorkloadPilot    1: 16 op, 470500.00 ns, 29.4063 us/op
WorkloadPilot    2: 32 op, 831200.00 ns, 25.9750 us/op
WorkloadPilot    3: 64 op, 1980300.00 ns, 30.9422 us/op
WorkloadPilot    4: 128 op, 4072000.00 ns, 31.8125 us/op
WorkloadPilot    5: 256 op, 7019000.00 ns, 27.4180 us/op
WorkloadPilot    6: 512 op, 9002700.00 ns, 17.5834 us/op
WorkloadPilot    7: 1024 op, 17390300.00 ns, 16.9827 us/op
WorkloadPilot    8: 2048 op, 32599200.00 ns, 15.9176 us/op
WorkloadPilot    9: 4096 op, 66261500.00 ns, 16.1771 us/op
WorkloadPilot   10: 8192 op, 129511400.00 ns, 15.8095 us/op
WorkloadPilot   11: 16384 op, 139632200.00 ns, 8.5225 us/op
WorkloadPilot   12: 32768 op, 137535900.00 ns, 4.1973 us/op
WorkloadPilot   13: 65536 op, 239201700.00 ns, 3.6499 us/op
WorkloadPilot   14: 131072 op, 468785700.00 ns, 3.5766 us/op
WorkloadPilot   15: 262144 op, 928300600.00 ns, 3.5412 us/op

OverheadWarmup   1: 262144 op, 393300.00 ns, 1.5003 ns/op
OverheadWarmup   2: 262144 op, 412900.00 ns, 1.5751 ns/op
OverheadWarmup   3: 262144 op, 392800.00 ns, 1.4984 ns/op
OverheadWarmup   4: 262144 op, 401700.00 ns, 1.5324 ns/op
OverheadWarmup   5: 262144 op, 392600.00 ns, 1.4977 ns/op

OverheadActual   1: 262144 op, 392700.00 ns, 1.4980 ns/op
OverheadActual   2: 262144 op, 402300.00 ns, 1.5347 ns/op
OverheadActual   3: 262144 op, 402800.00 ns, 1.5366 ns/op
OverheadActual   4: 262144 op, 404700.00 ns, 1.5438 ns/op
OverheadActual   5: 262144 op, 392900.00 ns, 1.4988 ns/op
OverheadActual   6: 262144 op, 403400.00 ns, 1.5388 ns/op
OverheadActual   7: 262144 op, 392100.00 ns, 1.4957 ns/op
OverheadActual   8: 262144 op, 394400.00 ns, 1.5045 ns/op
OverheadActual   9: 262144 op, 392300.00 ns, 1.4965 ns/op
OverheadActual  10: 262144 op, 392300.00 ns, 1.4965 ns/op
OverheadActual  11: 262144 op, 400900.00 ns, 1.5293 ns/op
OverheadActual  12: 262144 op, 401800.00 ns, 1.5327 ns/op
OverheadActual  13: 262144 op, 401000.00 ns, 1.5297 ns/op
OverheadActual  14: 262144 op, 392100.00 ns, 1.4957 ns/op
OverheadActual  15: 262144 op, 404200.00 ns, 1.5419 ns/op

WorkloadWarmup   1: 262144 op, 985548600.00 ns, 3.7596 us/op

// BeforeActualRun
WorkloadActual   1: 262144 op, 952920700.00 ns, 3.6351 us/op
WorkloadActual   2: 262144 op, 960548300.00 ns, 3.6642 us/op
WorkloadActual   3: 262144 op, 942461000.00 ns, 3.5952 us/op
WorkloadActual   4: 262144 op, 943358100.00 ns, 3.5986 us/op

// AfterActualRun
WorkloadResult   1: 262144 op, 952519800.00 ns, 3.6336 us/op
WorkloadResult   2: 262144 op, 960147400.00 ns, 3.6627 us/op
WorkloadResult   3: 262144 op, 942060100.00 ns, 3.5937 us/op
WorkloadResult   4: 262144 op, 942957200.00 ns, 3.5971 us/op
// GC:  1149 287 0 18138267648 262144
// Threading:  0 0 262144

// AfterAll
// Benchmark Process 28436 has exited with code 0.

Mean = 3.622 μs, StdErr = 0.016 μs (0.45%), N = 4, StdDev = 0.033 μs
Min = 3.594 μs, Q1 = 3.596 μs, Median = 3.615 μs, Q3 = 3.641 μs, Max = 3.663 μs
IQR = 0.045 μs, LowerFence = 3.529 μs, UpperFence = 3.708 μs
ConfidenceInterval = [3.410 μs; 3.833 μs] (CI 99.9%), Margin = 0.211 μs (5.84% of Mean)
Skewness = 0.24, Kurtosis = 0.83, MValue = 2

// ** Remained 30 (83.3%) benchmark(s) to run. Estimated finish 2026-09-25 13:44 (0h 3m from now) **
Setup power plan (GUID: 8c5e7fda-e8bf-4a96-9a85-a6e23a8c635c FriendlyName: High performance)
// **************************
// Benchmark: PostStreamingBench.Legacy: Job-KULIUI(Runtime=.NET 10.0, IterationCount=4, WarmupCount=1) [Size=16384, Shape=dot-leading]
// *** Execute ***
// Launch: 1 / 1
// Execute: dotnet VectorNNTP.NNTPD.PostAllocBench-1.dll --anonymousPipes 1256 2800 --benchmarkName "VectorNNTP.NNTPD.PostAllocBench.PostStreamingBench.Legacy(Size: 16384, Shape: \"dot-leading\")" --job "Runtime=.NET 10.0, IterationCount=4, WarmupCount=1" --benchmarkId 6 in C:\Users\chrisk\source\repos\Usenet.ninja\VectorNNTP\tools\VectorNNTP.NNTPD.PostAllocBench\bin\Release\net10.0\VectorNNTP.NNTPD.PostAllocBench-1\bin\Release\net10.0
// BeforeAnythingElse

// Benchmark Process Environment Information:
// BenchmarkDotNet v0.15.2
// Runtime=.NET 10.0.12 (10.0.1226.42308), X64 RyuJIT AVX2
// GC=Concurrent Workstation
// HardwareIntrinsics=AVX2,AES,BMI1,BMI2,FMA,LZCNT,PCLMUL,POPCNT,AvxVnni,SERIALIZE VectorSize=256
// Job: Job-EATLBP(IterationCount=4, WarmupCount=1)

OverheadJitting  1: 1 op, 147000.00 ns, 147.0000 us/op
WorkloadJitting  1: 1 op, 17343900.00 ns, 17.3439 ms/op

OverheadJitting  2: 16 op, 267200.00 ns, 16.7000 us/op
WorkloadJitting  2: 16 op, 25846600.00 ns, 1.6154 ms/op

WorkloadPilot    1: 16 op, 13186700.00 ns, 824.1688 us/op
WorkloadPilot    2: 32 op, 26230100.00 ns, 819.6906 us/op
WorkloadPilot    3: 64 op, 50997200.00 ns, 796.8313 us/op
WorkloadPilot    4: 128 op, 100963600.00 ns, 788.7781 us/op
WorkloadPilot    5: 256 op, 101280400.00 ns, 395.6266 us/op
WorkloadPilot    6: 512 op, 170837600.00 ns, 333.6672 us/op
WorkloadPilot    7: 1024 op, 147518400.00 ns, 144.0609 us/op
WorkloadPilot    8: 2048 op, 201606500.00 ns, 98.4407 us/op
WorkloadPilot    9: 4096 op, 377005700.00 ns, 92.0424 us/op
WorkloadPilot   10: 8192 op, 742795000.00 ns, 90.6732 us/op

OverheadWarmup   1: 8192 op, 13800.00 ns, 1.6846 ns/op
OverheadWarmup   2: 8192 op, 12600.00 ns, 1.5381 ns/op
OverheadWarmup   3: 8192 op, 12400.00 ns, 1.5137 ns/op
OverheadWarmup   4: 8192 op, 12400.00 ns, 1.5137 ns/op
OverheadWarmup   5: 8192 op, 12700.00 ns, 1.5503 ns/op
OverheadWarmup   6: 8192 op, 12500.00 ns, 1.5259 ns/op
OverheadWarmup   7: 8192 op, 12700.00 ns, 1.5503 ns/op

OverheadActual   1: 8192 op, 12500.00 ns, 1.5259 ns/op
OverheadActual   2: 8192 op, 12900.00 ns, 1.5747 ns/op
OverheadActual   3: 8192 op, 12500.00 ns, 1.5259 ns/op
OverheadActual   4: 8192 op, 12400.00 ns, 1.5137 ns/op
OverheadActual   5: 8192 op, 12400.00 ns, 1.5137 ns/op
OverheadActual   6: 8192 op, 12400.00 ns, 1.5137 ns/op
OverheadActual   7: 8192 op, 12400.00 ns, 1.5137 ns/op
OverheadActual   8: 8192 op, 12400.00 ns, 1.5137 ns/op
OverheadActual   9: 8192 op, 12500.00 ns, 1.5259 ns/op
OverheadActual  10: 8192 op, 12900.00 ns, 1.5747 ns/op
OverheadActual  11: 8192 op, 12400.00 ns, 1.5137 ns/op
OverheadActual  12: 8192 op, 12300.00 ns, 1.5015 ns/op
OverheadActual  13: 8192 op, 12500.00 ns, 1.5259 ns/op
OverheadActual  14: 8192 op, 12400.00 ns, 1.5137 ns/op
OverheadActual  15: 8192 op, 12600.00 ns, 1.5381 ns/op

WorkloadWarmup   1: 8192 op, 750365900.00 ns, 91.5974 us/op

// BeforeActualRun
WorkloadActual   1: 8192 op, 745791100.00 ns, 91.0390 us/op
WorkloadActual   2: 8192 op, 741934700.00 ns, 90.5682 us/op
WorkloadActual   3: 8192 op, 770469200.00 ns, 94.0514 us/op
WorkloadActual   4: 8192 op, 764286400.00 ns, 93.2967 us/op

// AfterActualRun
WorkloadResult   1: 8192 op, 745778700.00 ns, 91.0374 us/op
WorkloadResult   2: 8192 op, 741922300.00 ns, 90.5667 us/op
WorkloadResult   3: 8192 op, 770456800.00 ns, 94.0499 us/op
WorkloadResult   4: 8192 op, 764274000.00 ns, 93.2952 us/op
// GC:  82 13 0 1292566528 8192
// Threading:  0 0 8192

// AfterAll
// Benchmark Process 20516 has exited with code 0.

Mean = 92.237 μs, StdErr = 0.848 μs (0.92%), N = 4, StdDev = 1.697 μs
Min = 90.567 μs, Q1 = 90.920 μs, Median = 92.166 μs, Q3 = 93.484 μs, Max = 94.050 μs
IQR = 2.564 μs, LowerFence = 87.074 μs, UpperFence = 97.330 μs
ConfidenceInterval = [81.274 μs; 103.201 μs] (CI 99.9%), Margin = 10.963 μs (11.89% of Mean)
Skewness = 0.04, Kurtosis = 0.66, MValue = 2

// ** Remained 29 (80.6%) benchmark(s) to run. Estimated finish 2026-09-25 13:44 (0h 3m from now) **
Setup power plan (GUID: 8c5e7fda-e8bf-4a96-9a85-a6e23a8c635c FriendlyName: High performance)
// **************************
// Benchmark: PostStreamingBench.Streaming: Job-KULIUI(Runtime=.NET 10.0, IterationCount=4, WarmupCount=1) [Size=16384, Shape=dot-leading]
// *** Execute ***
// Launch: 1 / 1
// Execute: dotnet VectorNNTP.NNTPD.PostAllocBench-1.dll --anonymousPipes 3856 2828 --benchmarkName "VectorNNTP.NNTPD.PostAllocBench.PostStreamingBench.Streaming(Size: 16384, Shape: \"dot-leading\")" --job "Runtime=.NET 10.0, IterationCount=4, WarmupCount=1" --benchmarkId 7 in C:\Users\chrisk\source\repos\Usenet.ninja\VectorNNTP\tools\VectorNNTP.NNTPD.PostAllocBench\bin\Release\net10.0\VectorNNTP.NNTPD.PostAllocBench-1\bin\Release\net10.0
// BeforeAnythingElse

// Benchmark Process Environment Information:
// BenchmarkDotNet v0.15.2
// Runtime=.NET 10.0.12 (10.0.1226.42308), X64 RyuJIT AVX2
// GC=Concurrent Workstation
// HardwareIntrinsics=AVX2,AES,BMI1,BMI2,FMA,LZCNT,PCLMUL,POPCNT,AvxVnni,SERIALIZE VectorSize=256
// Job: Job-EATLBP(IterationCount=4, WarmupCount=1)

OverheadJitting  1: 1 op, 139100.00 ns, 139.1000 us/op
WorkloadJitting  1: 1 op, 15444100.00 ns, 15.4441 ms/op

OverheadJitting  2: 16 op, 291900.00 ns, 18.2438 us/op
WorkloadJitting  2: 16 op, 22827000.00 ns, 1.4267 ms/op

WorkloadPilot    1: 16 op, 11306600.00 ns, 706.6625 us/op
WorkloadPilot    2: 32 op, 22181100.00 ns, 693.1594 us/op
WorkloadPilot    3: 64 op, 44914600.00 ns, 701.7906 us/op
WorkloadPilot    4: 128 op, 89331600.00 ns, 697.9031 us/op
WorkloadPilot    5: 256 op, 94821800.00 ns, 370.3977 us/op
WorkloadPilot    6: 512 op, 124883200.00 ns, 243.9125 us/op
WorkloadPilot    7: 1024 op, 138209900.00 ns, 134.9706 us/op
WorkloadPilot    8: 2048 op, 120484000.00 ns, 58.8301 us/op
WorkloadPilot    9: 4096 op, 202852700.00 ns, 49.5246 us/op
WorkloadPilot   10: 8192 op, 395186800.00 ns, 48.2406 us/op
WorkloadPilot   11: 16384 op, 784872400.00 ns, 47.9048 us/op

OverheadWarmup   1: 16384 op, 25900.00 ns, 1.5808 ns/op
OverheadWarmup   2: 16384 op, 24800.00 ns, 1.5137 ns/op
OverheadWarmup   3: 16384 op, 25300.00 ns, 1.5442 ns/op
OverheadWarmup   4: 16384 op, 25300.00 ns, 1.5442 ns/op
OverheadWarmup   5: 16384 op, 25500.00 ns, 1.5564 ns/op
OverheadWarmup   6: 16384 op, 25200.00 ns, 1.5381 ns/op

OverheadActual   1: 16384 op, 25300.00 ns, 1.5442 ns/op
OverheadActual   2: 16384 op, 25400.00 ns, 1.5503 ns/op
OverheadActual   3: 16384 op, 26000.00 ns, 1.5869 ns/op
OverheadActual   4: 16384 op, 25300.00 ns, 1.5442 ns/op
OverheadActual   5: 16384 op, 25400.00 ns, 1.5503 ns/op
OverheadActual   6: 16384 op, 25400.00 ns, 1.5503 ns/op
OverheadActual   7: 16384 op, 25800.00 ns, 1.5747 ns/op
OverheadActual   8: 16384 op, 25400.00 ns, 1.5503 ns/op
OverheadActual   9: 16384 op, 25300.00 ns, 1.5442 ns/op
OverheadActual  10: 16384 op, 25400.00 ns, 1.5503 ns/op
OverheadActual  11: 16384 op, 25700.00 ns, 1.5686 ns/op
OverheadActual  12: 16384 op, 25300.00 ns, 1.5442 ns/op
OverheadActual  13: 16384 op, 25300.00 ns, 1.5442 ns/op
OverheadActual  14: 16384 op, 25300.00 ns, 1.5442 ns/op
OverheadActual  15: 16384 op, 25700.00 ns, 1.5686 ns/op

WorkloadWarmup   1: 16384 op, 808404900.00 ns, 49.3411 us/op

// BeforeActualRun
WorkloadActual   1: 16384 op, 807150800.00 ns, 49.2646 us/op
WorkloadActual   2: 16384 op, 791782800.00 ns, 48.3266 us/op
WorkloadActual   3: 16384 op, 793520500.00 ns, 48.4326 us/op
WorkloadActual   4: 16384 op, 789249600.00 ns, 48.1720 us/op

// AfterActualRun
WorkloadResult   1: 16384 op, 791757400.00 ns, 48.3250 us/op
WorkloadResult   2: 16384 op, 793495100.00 ns, 48.4311 us/op
WorkloadResult   3: 16384 op, 789224200.00 ns, 48.1704 us/op
// GC:  72 0 0 1141374976 16384
// Threading:  0 0 16384

// AfterAll
// Benchmark Process 34376 has exited with code 0.

Mean = 48.309 μs, StdErr = 0.076 μs (0.16%), N = 3, StdDev = 0.131 μs
Min = 48.170 μs, Q1 = 48.248 μs, Median = 48.325 μs, Q3 = 48.378 μs, Max = 48.431 μs
IQR = 0.130 μs, LowerFence = 48.052 μs, UpperFence = 48.574 μs
ConfidenceInterval = [45.917 μs; 50.700 μs] (CI 99.9%), Margin = 2.392 μs (4.95% of Mean)
Skewness = -0.12, Kurtosis = 0.67, MValue = 2

// ** Remained 28 (77.8%) benchmark(s) to run. Estimated finish 2026-09-25 13:44 (0h 3m from now) **
Setup power plan (GUID: 8c5e7fda-e8bf-4a96-9a85-a6e23a8c635c FriendlyName: High performance)
// **************************
// Benchmark: PostStreamingBench.Legacy: Job-KULIUI(Runtime=.NET 10.0, IterationCount=4, WarmupCount=1) [Size=16384, Shape=multi-header]
// *** Execute ***
// Launch: 1 / 1
// Execute: dotnet VectorNNTP.NNTPD.PostAllocBench-1.dll --anonymousPipes 2768 3828 --benchmarkName "VectorNNTP.NNTPD.PostAllocBench.PostStreamingBench.Legacy(Size: 16384, Shape: \"multi-header\")" --job "Runtime=.NET 10.0, IterationCount=4, WarmupCount=1" --benchmarkId 8 in C:\Users\chrisk\source\repos\Usenet.ninja\VectorNNTP\tools\VectorNNTP.NNTPD.PostAllocBench\bin\Release\net10.0\VectorNNTP.NNTPD.PostAllocBench-1\bin\Release\net10.0
// BeforeAnythingElse

// Benchmark Process Environment Information:
// BenchmarkDotNet v0.15.2
// Runtime=.NET 10.0.12 (10.0.1226.42308), X64 RyuJIT AVX2
// GC=Concurrent Workstation
// HardwareIntrinsics=AVX2,AES,BMI1,BMI2,FMA,LZCNT,PCLMUL,POPCNT,AvxVnni,SERIALIZE VectorSize=256
// Job: Job-EATLBP(IterationCount=4, WarmupCount=1)

OverheadJitting  1: 1 op, 145200.00 ns, 145.2000 us/op
WorkloadJitting  1: 1 op, 16621800.00 ns, 16.6218 ms/op

OverheadJitting  2: 16 op, 283800.00 ns, 17.7375 us/op
WorkloadJitting  2: 16 op, 1581100.00 ns, 98.8188 us/op

WorkloadPilot    1: 16 op, 1243800.00 ns, 77.7375 us/op
WorkloadPilot    2: 32 op, 2446100.00 ns, 76.4406 us/op
WorkloadPilot    3: 64 op, 4292700.00 ns, 67.0734 us/op
WorkloadPilot    4: 128 op, 8100400.00 ns, 63.2844 us/op
WorkloadPilot    5: 256 op, 12342700.00 ns, 48.2137 us/op
WorkloadPilot    6: 512 op, 24654900.00 ns, 48.1541 us/op
WorkloadPilot    7: 1024 op, 46500500.00 ns, 45.4106 us/op
WorkloadPilot    8: 2048 op, 90423300.00 ns, 44.1520 us/op
WorkloadPilot    9: 4096 op, 195401900.00 ns, 47.7055 us/op
WorkloadPilot   10: 8192 op, 278872700.00 ns, 34.0421 us/op
WorkloadPilot   11: 16384 op, 268264800.00 ns, 16.3736 us/op
WorkloadPilot   12: 32768 op, 476244100.00 ns, 14.5338 us/op
WorkloadPilot   13: 65536 op, 933679600.00 ns, 14.2468 us/op

OverheadWarmup   1: 65536 op, 99600.00 ns, 1.5198 ns/op
OverheadWarmup   2: 65536 op, 98600.00 ns, 1.5045 ns/op
OverheadWarmup   3: 65536 op, 98700.00 ns, 1.5060 ns/op
OverheadWarmup   4: 65536 op, 98500.00 ns, 1.5030 ns/op
OverheadWarmup   5: 65536 op, 98400.00 ns, 1.5015 ns/op
OverheadWarmup   6: 65536 op, 98300.00 ns, 1.4999 ns/op
OverheadWarmup   7: 65536 op, 98300.00 ns, 1.4999 ns/op
OverheadWarmup   8: 65536 op, 107700.00 ns, 1.6434 ns/op

OverheadActual   1: 65536 op, 98400.00 ns, 1.5015 ns/op
OverheadActual   2: 65536 op, 98500.00 ns, 1.5030 ns/op
OverheadActual   3: 65536 op, 98400.00 ns, 1.5015 ns/op
OverheadActual   4: 65536 op, 98400.00 ns, 1.5015 ns/op
OverheadActual   5: 65536 op, 98500.00 ns, 1.5030 ns/op
OverheadActual   6: 65536 op, 98500.00 ns, 1.5030 ns/op
OverheadActual   7: 65536 op, 98700.00 ns, 1.5060 ns/op
OverheadActual   8: 65536 op, 98500.00 ns, 1.5030 ns/op
OverheadActual   9: 65536 op, 98400.00 ns, 1.5015 ns/op
OverheadActual  10: 65536 op, 98300.00 ns, 1.4999 ns/op
OverheadActual  11: 65536 op, 98500.00 ns, 1.5030 ns/op
OverheadActual  12: 65536 op, 98400.00 ns, 1.5015 ns/op
OverheadActual  13: 65536 op, 98400.00 ns, 1.5015 ns/op
OverheadActual  14: 65536 op, 107600.00 ns, 1.6418 ns/op
OverheadActual  15: 65536 op, 98400.00 ns, 1.5015 ns/op

WorkloadWarmup   1: 65536 op, 938194700.00 ns, 14.3157 us/op

// BeforeActualRun
WorkloadActual   1: 65536 op, 957680100.00 ns, 14.6130 us/op
WorkloadActual   2: 65536 op, 936859100.00 ns, 14.2953 us/op
WorkloadActual   3: 65536 op, 1003965600.00 ns, 15.3193 us/op
WorkloadActual   4: 65536 op, 935098700.00 ns, 14.2685 us/op

// AfterActualRun
WorkloadResult   1: 65536 op, 957581700.00 ns, 14.6115 us/op
WorkloadResult   2: 65536 op, 936760700.00 ns, 14.2938 us/op
WorkloadResult   3: 65536 op, 1003867200.00 ns, 15.3178 us/op
WorkloadResult   4: 65536 op, 935000300.00 ns, 14.2670 us/op
// GC:  652 162 0 10241441792 65536
// Threading:  0 0 65536

// AfterAll
// Benchmark Process 11828 has exited with code 0.

Mean = 14.623 μs, StdErr = 0.245 μs (1.67%), N = 4, StdDev = 0.489 μs
Min = 14.267 μs, Q1 = 14.287 μs, Median = 14.453 μs, Q3 = 14.788 μs, Max = 15.318 μs
IQR = 0.501 μs, LowerFence = 13.536 μs, UpperFence = 15.540 μs
ConfidenceInterval = [11.461 μs; 17.784 μs] (CI 99.9%), Margin = 3.161 μs (21.62% of Mean)
Skewness = 0.55, Kurtosis = 1.14, MValue = 2

// ** Remained 27 (75.0%) benchmark(s) to run. Estimated finish 2026-09-25 13:44 (0h 3m from now) **
Setup power plan (GUID: 8c5e7fda-e8bf-4a96-9a85-a6e23a8c635c FriendlyName: High performance)
// **************************
// Benchmark: PostStreamingBench.Streaming: Job-KULIUI(Runtime=.NET 10.0, IterationCount=4, WarmupCount=1) [Size=16384, Shape=multi-header]
// *** Execute ***
// Launch: 1 / 1
// Execute: dotnet VectorNNTP.NNTPD.PostAllocBench-1.dll --anonymousPipes 2888 40704 --benchmarkName "VectorNNTP.NNTPD.PostAllocBench.PostStreamingBench.Streaming(Size: 16384, Shape: \"multi-header\")" --job "Runtime=.NET 10.0, IterationCount=4, WarmupCount=1" --benchmarkId 9 in C:\Users\chrisk\source\repos\Usenet.ninja\VectorNNTP\tools\VectorNNTP.NNTPD.PostAllocBench\bin\Release\net10.0\VectorNNTP.NNTPD.PostAllocBench-1\bin\Release\net10.0
// BeforeAnythingElse

// Benchmark Process Environment Information:
// BenchmarkDotNet v0.15.2
// Runtime=.NET 10.0.12 (10.0.1226.42308), X64 RyuJIT AVX2
// GC=Concurrent Workstation
// HardwareIntrinsics=AVX2,AES,BMI1,BMI2,FMA,LZCNT,PCLMUL,POPCNT,AvxVnni,SERIALIZE VectorSize=256
// Job: Job-EATLBP(IterationCount=4, WarmupCount=1)

OverheadJitting  1: 1 op, 166100.00 ns, 166.1000 us/op
WorkloadJitting  1: 1 op, 15811100.00 ns, 15.8111 ms/op

OverheadJitting  2: 16 op, 269900.00 ns, 16.8688 us/op
WorkloadJitting  2: 16 op, 1060100.00 ns, 66.2563 us/op

WorkloadPilot    1: 16 op, 699200.00 ns, 43.7000 us/op
WorkloadPilot    2: 32 op, 1344700.00 ns, 42.0219 us/op
WorkloadPilot    3: 64 op, 3066700.00 ns, 47.9172 us/op
WorkloadPilot    4: 128 op, 5342000.00 ns, 41.7344 us/op
WorkloadPilot    5: 256 op, 10062400.00 ns, 39.3063 us/op
WorkloadPilot    6: 512 op, 15616500.00 ns, 30.5010 us/op
WorkloadPilot    7: 1024 op, 30085300.00 ns, 29.3802 us/op
WorkloadPilot    8: 2048 op, 58058400.00 ns, 28.3488 us/op
WorkloadPilot    9: 4096 op, 122709400.00 ns, 29.9583 us/op
WorkloadPilot   10: 8192 op, 249423400.00 ns, 30.4472 us/op
WorkloadPilot   11: 16384 op, 191493400.00 ns, 11.6878 us/op
WorkloadPilot   12: 32768 op, 194386700.00 ns, 5.9322 us/op
WorkloadPilot   13: 65536 op, 384875600.00 ns, 5.8727 us/op
WorkloadPilot   14: 131072 op, 765120000.00 ns, 5.8374 us/op

OverheadWarmup   1: 131072 op, 201200.00 ns, 1.5350 ns/op
OverheadWarmup   2: 131072 op, 200500.00 ns, 1.5297 ns/op
OverheadWarmup   3: 131072 op, 200400.00 ns, 1.5289 ns/op
OverheadWarmup   4: 131072 op, 200200.00 ns, 1.5274 ns/op
OverheadWarmup   5: 131072 op, 200200.00 ns, 1.5274 ns/op
OverheadWarmup   6: 131072 op, 200300.00 ns, 1.5282 ns/op
OverheadWarmup   7: 131072 op, 211000.00 ns, 1.6098 ns/op
OverheadWarmup   8: 131072 op, 200200.00 ns, 1.5274 ns/op
OverheadWarmup   9: 131072 op, 200300.00 ns, 1.5282 ns/op

OverheadActual   1: 131072 op, 210900.00 ns, 1.6090 ns/op
OverheadActual   2: 131072 op, 208900.00 ns, 1.5938 ns/op
OverheadActual   3: 131072 op, 200300.00 ns, 1.5282 ns/op
OverheadActual   4: 131072 op, 200400.00 ns, 1.5289 ns/op
OverheadActual   5: 131072 op, 200500.00 ns, 1.5297 ns/op
OverheadActual   6: 131072 op, 199500.00 ns, 1.5221 ns/op
OverheadActual   7: 131072 op, 199600.00 ns, 1.5228 ns/op
OverheadActual   8: 131072 op, 199500.00 ns, 1.5221 ns/op
OverheadActual   9: 131072 op, 199500.00 ns, 1.5221 ns/op
OverheadActual  10: 131072 op, 199500.00 ns, 1.5221 ns/op
OverheadActual  11: 131072 op, 199400.00 ns, 1.5213 ns/op
OverheadActual  12: 131072 op, 199500.00 ns, 1.5221 ns/op
OverheadActual  13: 131072 op, 199800.00 ns, 1.5244 ns/op
OverheadActual  14: 131072 op, 199600.00 ns, 1.5228 ns/op
OverheadActual  15: 131072 op, 199500.00 ns, 1.5221 ns/op

WorkloadWarmup   1: 131072 op, 759841700.00 ns, 5.7971 us/op

// BeforeActualRun
WorkloadActual   1: 131072 op, 767362200.00 ns, 5.8545 us/op
WorkloadActual   2: 131072 op, 755898000.00 ns, 5.7670 us/op
WorkloadActual   3: 131072 op, 761310500.00 ns, 5.8083 us/op
WorkloadActual   4: 131072 op, 765014800.00 ns, 5.8366 us/op

// AfterActualRun
WorkloadResult   1: 131072 op, 767162600.00 ns, 5.8530 us/op
WorkloadResult   2: 131072 op, 755698400.00 ns, 5.7655 us/op
WorkloadResult   3: 131072 op, 761110900.00 ns, 5.8068 us/op
WorkloadResult   4: 131072 op, 764815200.00 ns, 5.8351 us/op
// GC:  595 7 0 9383706624 131072
// Threading:  0 0 131072

// AfterAll
// Benchmark Process 29580 has exited with code 0.

Mean = 5.815 μs, StdErr = 0.019 μs (0.33%), N = 4, StdDev = 0.038 μs
Min = 5.766 μs, Q1 = 5.796 μs, Median = 5.821 μs, Q3 = 5.840 μs, Max = 5.853 μs
IQR = 0.043 μs, LowerFence = 5.732 μs, UpperFence = 5.904 μs
ConfidenceInterval = [5.569 μs; 6.061 μs] (CI 99.9%), Margin = 0.246 μs (4.24% of Mean)
Skewness = -0.27, Kurtosis = 0.98, MValue = 2

// ** Remained 26 (72.2%) benchmark(s) to run. Estimated finish 2026-09-25 13:44 (0h 3m from now) **
Setup power plan (GUID: 8c5e7fda-e8bf-4a96-9a85-a6e23a8c635c FriendlyName: High performance)
// **************************
// Benchmark: PostStreamingBench.Legacy: Job-KULIUI(Runtime=.NET 10.0, IterationCount=4, WarmupCount=1) [Size=16384, Shape=normal]
// *** Execute ***
// Launch: 1 / 1
// Execute: dotnet VectorNNTP.NNTPD.PostAllocBench-1.dll --anonymousPipes 1508 40384 --benchmarkName "VectorNNTP.NNTPD.PostAllocBench.PostStreamingBench.Legacy(Size: 16384, Shape: \"normal\")" --job "Runtime=.NET 10.0, IterationCount=4, WarmupCount=1" --benchmarkId 10 in C:\Users\chrisk\source\repos\Usenet.ninja\VectorNNTP\tools\VectorNNTP.NNTPD.PostAllocBench\bin\Release\net10.0\VectorNNTP.NNTPD.PostAllocBench-1\bin\Release\net10.0
// BeforeAnythingElse

// Benchmark Process Environment Information:
// BenchmarkDotNet v0.15.2
// Runtime=.NET 10.0.12 (10.0.1226.42308), X64 RyuJIT AVX2
// GC=Concurrent Workstation
// HardwareIntrinsics=AVX2,AES,BMI1,BMI2,FMA,LZCNT,PCLMUL,POPCNT,AvxVnni,SERIALIZE VectorSize=256
// Job: Job-EATLBP(IterationCount=4, WarmupCount=1)

OverheadJitting  1: 1 op, 144200.00 ns, 144.2000 us/op
WorkloadJitting  1: 1 op, 16578900.00 ns, 16.5789 ms/op

OverheadJitting  2: 16 op, 260800.00 ns, 16.3000 us/op
WorkloadJitting  2: 16 op, 1411400.00 ns, 88.2125 us/op

WorkloadPilot    1: 16 op, 1090300.00 ns, 68.1438 us/op
WorkloadPilot    2: 32 op, 2047400.00 ns, 63.9813 us/op
WorkloadPilot    3: 64 op, 3544100.00 ns, 55.3766 us/op
WorkloadPilot    4: 128 op, 6660800.00 ns, 52.0375 us/op
WorkloadPilot    5: 256 op, 9373600.00 ns, 36.6156 us/op
WorkloadPilot    6: 512 op, 18317400.00 ns, 35.7762 us/op
WorkloadPilot    7: 1024 op, 35238400.00 ns, 34.4125 us/op
WorkloadPilot    8: 2048 op, 71191900.00 ns, 34.7617 us/op
WorkloadPilot    9: 4096 op, 146694700.00 ns, 35.8141 us/op
WorkloadPilot   10: 8192 op, 282632700.00 ns, 34.5011 us/op
WorkloadPilot   11: 16384 op, 281630600.00 ns, 17.1894 us/op
WorkloadPilot   12: 32768 op, 448131400.00 ns, 13.6759 us/op
WorkloadPilot   13: 65536 op, 870323500.00 ns, 13.2801 us/op

OverheadWarmup   1: 65536 op, 101700.00 ns, 1.5518 ns/op
OverheadWarmup   2: 65536 op, 100800.00 ns, 1.5381 ns/op
OverheadWarmup   3: 65536 op, 100500.00 ns, 1.5335 ns/op
OverheadWarmup   4: 65536 op, 100400.00 ns, 1.5320 ns/op
OverheadWarmup   5: 65536 op, 100400.00 ns, 1.5320 ns/op
OverheadWarmup   6: 65536 op, 100400.00 ns, 1.5320 ns/op
OverheadWarmup   7: 65536 op, 100400.00 ns, 1.5320 ns/op
OverheadWarmup   8: 65536 op, 100200.00 ns, 1.5289 ns/op

OverheadActual   1: 65536 op, 100400.00 ns, 1.5320 ns/op
OverheadActual   2: 65536 op, 112800.00 ns, 1.7212 ns/op
OverheadActual   3: 65536 op, 100500.00 ns, 1.5335 ns/op
OverheadActual   4: 65536 op, 114200.00 ns, 1.7426 ns/op
OverheadActual   5: 65536 op, 100300.00 ns, 1.5305 ns/op
OverheadActual   6: 65536 op, 100400.00 ns, 1.5320 ns/op
OverheadActual   7: 65536 op, 100300.00 ns, 1.5305 ns/op
OverheadActual   8: 65536 op, 100100.00 ns, 1.5274 ns/op
OverheadActual   9: 65536 op, 108300.00 ns, 1.6525 ns/op
OverheadActual  10: 65536 op, 115200.00 ns, 1.7578 ns/op
OverheadActual  11: 65536 op, 100200.00 ns, 1.5289 ns/op
OverheadActual  12: 65536 op, 100400.00 ns, 1.5320 ns/op
OverheadActual  13: 65536 op, 100300.00 ns, 1.5305 ns/op
OverheadActual  14: 65536 op, 100300.00 ns, 1.5305 ns/op
OverheadActual  15: 65536 op, 100300.00 ns, 1.5305 ns/op

WorkloadWarmup   1: 65536 op, 872152200.00 ns, 13.3080 us/op

// BeforeActualRun
WorkloadActual   1: 65536 op, 879803100.00 ns, 13.4247 us/op
WorkloadActual   2: 65536 op, 876867800.00 ns, 13.3799 us/op
WorkloadActual   3: 65536 op, 880864400.00 ns, 13.4409 us/op
WorkloadActual   4: 65536 op, 883807600.00 ns, 13.4858 us/op

// AfterActualRun
WorkloadResult   1: 65536 op, 879702700.00 ns, 13.4232 us/op
WorkloadResult   2: 65536 op, 876767400.00 ns, 13.3784 us/op
WorkloadResult   3: 65536 op, 880764000.00 ns, 13.4394 us/op
WorkloadResult   4: 65536 op, 883707200.00 ns, 13.4843 us/op
// GC:  642 160 0 10127671296 65536
// Threading:  0 0 65536

// AfterAll
// Benchmark Process 22688 has exited with code 0.

Mean = 13.431 μs, StdErr = 0.022 μs (0.16%), N = 4, StdDev = 0.044 μs
Min = 13.378 μs, Q1 = 13.412 μs, Median = 13.431 μs, Q3 = 13.451 μs, Max = 13.484 μs
IQR = 0.039 μs, LowerFence = 13.354 μs, UpperFence = 13.509 μs
ConfidenceInterval = [13.149 μs; 13.714 μs] (CI 99.9%), Margin = 0.283 μs (2.10% of Mean)
Skewness = 0, Kurtosis = 1.07, MValue = 2

// ** Remained 25 (69.4%) benchmark(s) to run. Estimated finish 2026-09-25 13:44 (0h 2m from now) **
Setup power plan (GUID: 8c5e7fda-e8bf-4a96-9a85-a6e23a8c635c FriendlyName: High performance)
// **************************
// Benchmark: PostStreamingBench.Streaming: Job-KULIUI(Runtime=.NET 10.0, IterationCount=4, WarmupCount=1) [Size=16384, Shape=normal]
// *** Execute ***
// Launch: 1 / 1
// Execute: dotnet VectorNNTP.NNTPD.PostAllocBench-1.dll --anonymousPipes 40716 40380 --benchmarkName "VectorNNTP.NNTPD.PostAllocBench.PostStreamingBench.Streaming(Size: 16384, Shape: \"normal\")" --job "Runtime=.NET 10.0, IterationCount=4, WarmupCount=1" --benchmarkId 11 in C:\Users\chrisk\source\repos\Usenet.ninja\VectorNNTP\tools\VectorNNTP.NNTPD.PostAllocBench\bin\Release\net10.0\VectorNNTP.NNTPD.PostAllocBench-1\bin\Release\net10.0
// BeforeAnythingElse

// Benchmark Process Environment Information:
// BenchmarkDotNet v0.15.2
// Runtime=.NET 10.0.12 (10.0.1226.42308), X64 RyuJIT AVX2
// GC=Concurrent Workstation
// HardwareIntrinsics=AVX2,AES,BMI1,BMI2,FMA,LZCNT,PCLMUL,POPCNT,AvxVnni,SERIALIZE VectorSize=256
// Job: Job-EATLBP(IterationCount=4, WarmupCount=1)

OverheadJitting  1: 1 op, 142500.00 ns, 142.5000 us/op
WorkloadJitting  1: 1 op, 15105100.00 ns, 15.1051 ms/op

OverheadJitting  2: 16 op, 264500.00 ns, 16.5313 us/op
WorkloadJitting  2: 16 op, 876200.00 ns, 54.7625 us/op

WorkloadPilot    1: 16 op, 519800.00 ns, 32.4875 us/op
WorkloadPilot    2: 32 op, 901100.00 ns, 28.1594 us/op
WorkloadPilot    3: 64 op, 2388300.00 ns, 37.3172 us/op
WorkloadPilot    4: 128 op, 4046900.00 ns, 31.6164 us/op
WorkloadPilot    5: 256 op, 8113300.00 ns, 31.6926 us/op
WorkloadPilot    6: 512 op, 11574600.00 ns, 22.6066 us/op
WorkloadPilot    7: 1024 op, 21113100.00 ns, 20.6183 us/op
WorkloadPilot    8: 2048 op, 40337400.00 ns, 19.6960 us/op
WorkloadPilot    9: 4096 op, 75448400.00 ns, 18.4200 us/op
WorkloadPilot   10: 8192 op, 168272400.00 ns, 20.5411 us/op
WorkloadPilot   11: 16384 op, 256652800.00 ns, 15.6648 us/op
WorkloadPilot   12: 32768 op, 181962300.00 ns, 5.5530 us/op
WorkloadPilot   13: 65536 op, 315016100.00 ns, 4.8068 us/op
WorkloadPilot   14: 131072 op, 625485400.00 ns, 4.7721 us/op

OverheadWarmup   1: 131072 op, 196800.00 ns, 1.5015 ns/op
OverheadWarmup   2: 131072 op, 195400.00 ns, 1.4908 ns/op
OverheadWarmup   3: 131072 op, 206300.00 ns, 1.5739 ns/op
OverheadWarmup   4: 131072 op, 196400.00 ns, 1.4984 ns/op
OverheadWarmup   5: 131072 op, 196600.00 ns, 1.4999 ns/op
OverheadWarmup   6: 131072 op, 206800.00 ns, 1.5778 ns/op
OverheadWarmup   7: 131072 op, 206500.00 ns, 1.5755 ns/op

OverheadActual   1: 131072 op, 196500.00 ns, 1.4992 ns/op
OverheadActual   2: 131072 op, 196400.00 ns, 1.4984 ns/op
OverheadActual   3: 131072 op, 196400.00 ns, 1.4984 ns/op
OverheadActual   4: 131072 op, 196500.00 ns, 1.4992 ns/op
OverheadActual   5: 131072 op, 196500.00 ns, 1.4992 ns/op
OverheadActual   6: 131072 op, 206200.00 ns, 1.5732 ns/op
OverheadActual   7: 131072 op, 196400.00 ns, 1.4984 ns/op
OverheadActual   8: 131072 op, 207900.00 ns, 1.5862 ns/op
OverheadActual   9: 131072 op, 196200.00 ns, 1.4969 ns/op
OverheadActual  10: 131072 op, 206100.00 ns, 1.5724 ns/op
OverheadActual  11: 131072 op, 208700.00 ns, 1.5923 ns/op
OverheadActual  12: 131072 op, 196600.00 ns, 1.4999 ns/op
OverheadActual  13: 131072 op, 196500.00 ns, 1.4992 ns/op
OverheadActual  14: 131072 op, 196300.00 ns, 1.4977 ns/op
OverheadActual  15: 131072 op, 196300.00 ns, 1.4977 ns/op

WorkloadWarmup   1: 131072 op, 634794100.00 ns, 4.8431 us/op

// BeforeActualRun
WorkloadActual   1: 131072 op, 631601100.00 ns, 4.8187 us/op
WorkloadActual   2: 131072 op, 628662600.00 ns, 4.7963 us/op
WorkloadActual   3: 131072 op, 629581600.00 ns, 4.8033 us/op
WorkloadActual   4: 131072 op, 630521400.00 ns, 4.8105 us/op

// AfterActualRun
WorkloadResult   1: 131072 op, 631404600.00 ns, 4.8172 us/op
WorkloadResult   2: 131072 op, 628466100.00 ns, 4.7948 us/op
WorkloadResult   3: 131072 op, 629385100.00 ns, 4.8018 us/op
WorkloadResult   4: 131072 op, 630324900.00 ns, 4.8090 us/op
// GC:  579 2 0 9130999808 131072
// Threading:  0 0 131072

// AfterAll
// Benchmark Process 16944 has exited with code 0.

Mean = 4.806 μs, StdErr = 0.005 μs (0.10%), N = 4, StdDev = 0.010 μs
Min = 4.795 μs, Q1 = 4.800 μs, Median = 4.805 μs, Q3 = 4.811 μs, Max = 4.817 μs
IQR = 0.011 μs, LowerFence = 4.784 μs, UpperFence = 4.828 μs
ConfidenceInterval = [4.744 μs; 4.868 μs] (CI 99.9%), Margin = 0.062 μs (1.29% of Mean)
Skewness = 0.06, Kurtosis = 0.94, MValue = 2

// ** Remained 24 (66.7%) benchmark(s) to run. Estimated finish 2026-09-25 13:44 (0h 2m from now) **
Setup power plan (GUID: 8c5e7fda-e8bf-4a96-9a85-a6e23a8c635c FriendlyName: High performance)
// **************************
// Benchmark: PostStreamingBench.Legacy: Job-KULIUI(Runtime=.NET 10.0, IterationCount=4, WarmupCount=1) [Size=65536, Shape=dot-leading]
// *** Execute ***
// Launch: 1 / 1
// Execute: dotnet VectorNNTP.NNTPD.PostAllocBench-1.dll --anonymousPipes 40720 40068 --benchmarkName "VectorNNTP.NNTPD.PostAllocBench.PostStreamingBench.Legacy(Size: 65536, Shape: \"dot-leading\")" --job "Runtime=.NET 10.0, IterationCount=4, WarmupCount=1" --benchmarkId 12 in C:\Users\chrisk\source\repos\Usenet.ninja\VectorNNTP\tools\VectorNNTP.NNTPD.PostAllocBench\bin\Release\net10.0\VectorNNTP.NNTPD.PostAllocBench-1\bin\Release\net10.0
// BeforeAnythingElse

// Benchmark Process Environment Information:
// BenchmarkDotNet v0.15.2
// Runtime=.NET 10.0.12 (10.0.1226.42308), X64 RyuJIT AVX2
// GC=Concurrent Workstation
// HardwareIntrinsics=AVX2,AES,BMI1,BMI2,FMA,LZCNT,PCLMUL,POPCNT,AvxVnni,SERIALIZE VectorSize=256
// Job: Job-EATLBP(IterationCount=4, WarmupCount=1)

OverheadJitting  1: 1 op, 140400.00 ns, 140.4000 us/op
WorkloadJitting  1: 1 op, 20125100.00 ns, 20.1251 ms/op

OverheadJitting  2: 16 op, 257300.00 ns, 16.0813 us/op
WorkloadJitting  2: 16 op, 58483100.00 ns, 3.6552 ms/op

WorkloadPilot    1: 16 op, 44959900.00 ns, 2.8100 ms/op
WorkloadPilot    2: 32 op, 89625700.00 ns, 2.8008 ms/op
WorkloadPilot    3: 64 op, 78800900.00 ns, 1.2313 ms/op
WorkloadPilot    4: 128 op, 95538900.00 ns, 746.3977 us/op
WorkloadPilot    5: 256 op, 140330300.00 ns, 548.1652 us/op
WorkloadPilot    6: 512 op, 220395500.00 ns, 430.4600 us/op
WorkloadPilot    7: 1024 op, 375264700.00 ns, 366.4694 us/op
WorkloadPilot    8: 2048 op, 730892400.00 ns, 356.8811 us/op

OverheadWarmup   1: 2048 op, 4500.00 ns, 2.1973 ns/op
OverheadWarmup   2: 2048 op, 3500.00 ns, 1.7090 ns/op
OverheadWarmup   3: 2048 op, 3500.00 ns, 1.7090 ns/op
OverheadWarmup   4: 2048 op, 3500.00 ns, 1.7090 ns/op
OverheadWarmup   5: 2048 op, 3400.00 ns, 1.6602 ns/op
OverheadWarmup   6: 2048 op, 3500.00 ns, 1.7090 ns/op

OverheadActual   1: 2048 op, 3400.00 ns, 1.6602 ns/op
OverheadActual   2: 2048 op, 3400.00 ns, 1.6602 ns/op
OverheadActual   3: 2048 op, 3500.00 ns, 1.7090 ns/op
OverheadActual   4: 2048 op, 3500.00 ns, 1.7090 ns/op
OverheadActual   5: 2048 op, 3500.00 ns, 1.7090 ns/op
OverheadActual   6: 2048 op, 3600.00 ns, 1.7578 ns/op
OverheadActual   7: 2048 op, 3600.00 ns, 1.7578 ns/op
OverheadActual   8: 2048 op, 3500.00 ns, 1.7090 ns/op
OverheadActual   9: 2048 op, 3500.00 ns, 1.7090 ns/op
OverheadActual  10: 2048 op, 3400.00 ns, 1.6602 ns/op
OverheadActual  11: 2048 op, 3400.00 ns, 1.6602 ns/op
OverheadActual  12: 2048 op, 3500.00 ns, 1.7090 ns/op
OverheadActual  13: 2048 op, 3400.00 ns, 1.6602 ns/op
OverheadActual  14: 2048 op, 3400.00 ns, 1.6602 ns/op
OverheadActual  15: 2048 op, 3400.00 ns, 1.6602 ns/op

WorkloadWarmup   1: 2048 op, 736951500.00 ns, 359.8396 us/op

// BeforeActualRun
WorkloadActual   1: 2048 op, 737658300.00 ns, 360.1847 us/op
WorkloadActual   2: 2048 op, 734479400.00 ns, 358.6325 us/op
WorkloadActual   3: 2048 op, 734506800.00 ns, 358.6459 us/op
WorkloadActual   4: 2048 op, 735564700.00 ns, 359.1625 us/op

// AfterActualRun
WorkloadResult   1: 2048 op, 737654800.00 ns, 360.1830 us/op
WorkloadResult   2: 2048 op, 734475900.00 ns, 358.6308 us/op
WorkloadResult   3: 2048 op, 734503300.00 ns, 358.6442 us/op
WorkloadResult   4: 2048 op, 735561200.00 ns, 359.1607 us/op
// GC:  53 52 0 850018304 2048
// Threading:  0 0 2048

// AfterAll
// Benchmark Process 32840 has exited with code 0.

Mean = 359.155 μs, StdErr = 0.364 μs (0.10%), N = 4, StdDev = 0.729 μs
Min = 358.631 μs, Q1 = 358.641 μs, Median = 358.902 μs, Q3 = 359.416 μs, Max = 360.183 μs
IQR = 0.775 μs, LowerFence = 357.478 μs, UpperFence = 360.580 μs
ConfidenceInterval = [354.447 μs; 363.863 μs] (CI 99.9%), Margin = 4.708 μs (1.31% of Mean)
Skewness = 0.52, Kurtosis = 1.12, MValue = 2

// ** Remained 23 (63.9%) benchmark(s) to run. Estimated finish 2026-09-25 13:44 (0h 2m from now) **
Setup power plan (GUID: 8c5e7fda-e8bf-4a96-9a85-a6e23a8c635c FriendlyName: High performance)
// **************************
// Benchmark: PostStreamingBench.Streaming: Job-KULIUI(Runtime=.NET 10.0, IterationCount=4, WarmupCount=1) [Size=65536, Shape=dot-leading]
// *** Execute ***
// Launch: 1 / 1
// Execute: dotnet VectorNNTP.NNTPD.PostAllocBench-1.dll --anonymousPipes 40700 2828 --benchmarkName "VectorNNTP.NNTPD.PostAllocBench.PostStreamingBench.Streaming(Size: 65536, Shape: \"dot-leading\")" --job "Runtime=.NET 10.0, IterationCount=4, WarmupCount=1" --benchmarkId 13 in C:\Users\chrisk\source\repos\Usenet.ninja\VectorNNTP\tools\VectorNNTP.NNTPD.PostAllocBench\bin\Release\net10.0\VectorNNTP.NNTPD.PostAllocBench-1\bin\Release\net10.0
// BeforeAnythingElse

// Benchmark Process Environment Information:
// BenchmarkDotNet v0.15.2
// Runtime=.NET 10.0.12 (10.0.1226.42308), X64 RyuJIT AVX2
// GC=Concurrent Workstation
// HardwareIntrinsics=AVX2,AES,BMI1,BMI2,FMA,LZCNT,PCLMUL,POPCNT,AvxVnni,SERIALIZE VectorSize=256
// Job: Job-EATLBP(IterationCount=4, WarmupCount=1)

OverheadJitting  1: 1 op, 140300.00 ns, 140.3000 us/op
WorkloadJitting  1: 1 op, 18304300.00 ns, 18.3043 ms/op

OverheadJitting  2: 16 op, 273900.00 ns, 17.1188 us/op
WorkloadJitting  2: 16 op, 53599100.00 ns, 3.3499 ms/op

WorkloadPilot    1: 16 op, 42016500.00 ns, 2.6260 ms/op
WorkloadPilot    2: 32 op, 82996900.00 ns, 2.5937 ms/op
WorkloadPilot    3: 64 op, 85966300.00 ns, 1.3432 ms/op
WorkloadPilot    4: 128 op, 94879200.00 ns, 741.2438 us/op
WorkloadPilot    5: 256 op, 91211700.00 ns, 356.2957 us/op
WorkloadPilot    6: 512 op, 154343400.00 ns, 301.4520 us/op
WorkloadPilot    7: 1024 op, 239706700.00 ns, 234.0886 us/op
WorkloadPilot    8: 2048 op, 448073700.00 ns, 218.7860 us/op
WorkloadPilot    9: 4096 op, 894913900.00 ns, 218.4848 us/op

OverheadWarmup   1: 4096 op, 7800.00 ns, 1.9043 ns/op
OverheadWarmup   2: 4096 op, 6700.00 ns, 1.6357 ns/op
OverheadWarmup   3: 4096 op, 6600.00 ns, 1.6113 ns/op
OverheadWarmup   4: 4096 op, 6600.00 ns, 1.6113 ns/op
OverheadWarmup   5: 4096 op, 6600.00 ns, 1.6113 ns/op
OverheadWarmup   6: 4096 op, 6600.00 ns, 1.6113 ns/op
OverheadWarmup   7: 4096 op, 6600.00 ns, 1.6113 ns/op

OverheadActual   1: 4096 op, 6700.00 ns, 1.6357 ns/op
OverheadActual   2: 4096 op, 6600.00 ns, 1.6113 ns/op
OverheadActual   3: 4096 op, 6600.00 ns, 1.6113 ns/op
OverheadActual   4: 4096 op, 6700.00 ns, 1.6357 ns/op
OverheadActual   5: 4096 op, 6600.00 ns, 1.6113 ns/op
OverheadActual   6: 4096 op, 6700.00 ns, 1.6357 ns/op
OverheadActual   7: 4096 op, 6700.00 ns, 1.6357 ns/op
OverheadActual   8: 4096 op, 6700.00 ns, 1.6357 ns/op
OverheadActual   9: 4096 op, 6700.00 ns, 1.6357 ns/op
OverheadActual  10: 4096 op, 7300.00 ns, 1.7822 ns/op
OverheadActual  11: 4096 op, 7700.00 ns, 1.8799 ns/op
OverheadActual  12: 4096 op, 6600.00 ns, 1.6113 ns/op
OverheadActual  13: 4096 op, 6400.00 ns, 1.5625 ns/op
OverheadActual  14: 4096 op, 6500.00 ns, 1.5869 ns/op
OverheadActual  15: 4096 op, 6500.00 ns, 1.5869 ns/op

WorkloadWarmup   1: 4096 op, 893845500.00 ns, 218.2240 us/op

// BeforeActualRun
WorkloadActual   1: 4096 op, 893412400.00 ns, 218.1183 us/op
WorkloadActual   2: 4096 op, 891835300.00 ns, 217.7332 us/op
WorkloadActual   3: 4096 op, 891429400.00 ns, 217.6341 us/op
WorkloadActual   4: 4096 op, 891189600.00 ns, 217.5756 us/op

// AfterActualRun
WorkloadResult   1: 4096 op, 893405700.00 ns, 218.1166 us/op
WorkloadResult   2: 4096 op, 891828600.00 ns, 217.7316 us/op
WorkloadResult   3: 4096 op, 891422700.00 ns, 217.6325 us/op
WorkloadResult   4: 4096 op, 891182900.00 ns, 217.5740 us/op
// GC:  170 170 170 829308480 4096
// Threading:  0 0 4096

// AfterAll
// Benchmark Process 7480 has exited with code 0.

Mean = 217.764 μs, StdErr = 0.122 μs (0.06%), N = 4, StdDev = 0.244 μs
Min = 217.574 μs, Q1 = 217.618 μs, Median = 217.682 μs, Q3 = 217.828 μs, Max = 218.117 μs
IQR = 0.210 μs, LowerFence = 217.303 μs, UpperFence = 218.143 μs
ConfidenceInterval = [216.186 μs; 219.341 μs] (CI 99.9%), Margin = 1.578 μs (0.72% of Mean)
Skewness = 0.6, Kurtosis = 1.2, MValue = 2

// ** Remained 22 (61.1%) benchmark(s) to run. Estimated finish 2026-09-25 13:44 (0h 2m from now) **
Setup power plan (GUID: 8c5e7fda-e8bf-4a96-9a85-a6e23a8c635c FriendlyName: High performance)
// **************************
// Benchmark: PostStreamingBench.Legacy: Job-KULIUI(Runtime=.NET 10.0, IterationCount=4, WarmupCount=1) [Size=65536, Shape=multi-header]
// *** Execute ***
// Launch: 1 / 1
// Execute: dotnet VectorNNTP.NNTPD.PostAllocBench-1.dll --anonymousPipes 2972 2980 --benchmarkName "VectorNNTP.NNTPD.PostAllocBench.PostStreamingBench.Legacy(Size: 65536, Shape: \"multi-header\")" --job "Runtime=.NET 10.0, IterationCount=4, WarmupCount=1" --benchmarkId 14 in C:\Users\chrisk\source\repos\Usenet.ninja\VectorNNTP\tools\VectorNNTP.NNTPD.PostAllocBench\bin\Release\net10.0\VectorNNTP.NNTPD.PostAllocBench-1\bin\Release\net10.0
// BeforeAnythingElse

// Benchmark Process Environment Information:
// BenchmarkDotNet v0.15.2
// Runtime=.NET 10.0.12 (10.0.1226.42308), X64 RyuJIT AVX2
// GC=Concurrent Workstation
// HardwareIntrinsics=AVX2,AES,BMI1,BMI2,FMA,LZCNT,PCLMUL,POPCNT,AvxVnni,SERIALIZE VectorSize=256
// Job: Job-EATLBP(IterationCount=4, WarmupCount=1)

OverheadJitting  1: 1 op, 151200.00 ns, 151.2000 us/op
WorkloadJitting  1: 1 op, 17344600.00 ns, 17.3446 ms/op

OverheadJitting  2: 16 op, 262000.00 ns, 16.3750 us/op
WorkloadJitting  2: 16 op, 3067800.00 ns, 191.7375 us/op

WorkloadPilot    1: 16 op, 2286100.00 ns, 142.8813 us/op
WorkloadPilot    2: 32 op, 4934700.00 ns, 154.2094 us/op
WorkloadPilot    3: 64 op, 7716200.00 ns, 120.5656 us/op
WorkloadPilot    4: 128 op, 12462100.00 ns, 97.3602 us/op
WorkloadPilot    5: 256 op, 22635900.00 ns, 88.4215 us/op
WorkloadPilot    6: 512 op, 45444000.00 ns, 88.7578 us/op
WorkloadPilot    7: 1024 op, 90138200.00 ns, 88.0256 us/op
WorkloadPilot    8: 2048 op, 197636100.00 ns, 96.5020 us/op
WorkloadPilot    9: 4096 op, 307003900.00 ns, 74.9521 us/op
WorkloadPilot   10: 8192 op, 424931800.00 ns, 51.8716 us/op
WorkloadPilot   11: 16384 op, 787303200.00 ns, 48.0532 us/op

OverheadWarmup   1: 16384 op, 26000.00 ns, 1.5869 ns/op
OverheadWarmup   2: 16384 op, 24800.00 ns, 1.5137 ns/op
OverheadWarmup   3: 16384 op, 25000.00 ns, 1.5259 ns/op
OverheadWarmup   4: 16384 op, 24900.00 ns, 1.5198 ns/op
OverheadWarmup   5: 16384 op, 25400.00 ns, 1.5503 ns/op
OverheadWarmup   6: 16384 op, 24900.00 ns, 1.5198 ns/op

OverheadActual   1: 16384 op, 24900.00 ns, 1.5198 ns/op
OverheadActual   2: 16384 op, 24900.00 ns, 1.5198 ns/op
OverheadActual   3: 16384 op, 25200.00 ns, 1.5381 ns/op
OverheadActual   4: 16384 op, 24800.00 ns, 1.5137 ns/op
OverheadActual   5: 16384 op, 24900.00 ns, 1.5198 ns/op
OverheadActual   6: 16384 op, 24900.00 ns, 1.5198 ns/op
OverheadActual   7: 16384 op, 25100.00 ns, 1.5320 ns/op
OverheadActual   8: 16384 op, 24900.00 ns, 1.5198 ns/op
OverheadActual   9: 16384 op, 24900.00 ns, 1.5198 ns/op
OverheadActual  10: 16384 op, 24800.00 ns, 1.5137 ns/op
OverheadActual  11: 16384 op, 25400.00 ns, 1.5503 ns/op
OverheadActual  12: 16384 op, 24900.00 ns, 1.5198 ns/op
OverheadActual  13: 16384 op, 24800.00 ns, 1.5137 ns/op
OverheadActual  14: 16384 op, 24800.00 ns, 1.5137 ns/op
OverheadActual  15: 16384 op, 25200.00 ns, 1.5381 ns/op

WorkloadWarmup   1: 16384 op, 759757800.00 ns, 46.3719 us/op

// BeforeActualRun
WorkloadActual   1: 16384 op, 771586800.00 ns, 47.0939 us/op
WorkloadActual   2: 16384 op, 765197100.00 ns, 46.7039 us/op
WorkloadActual   3: 16384 op, 772598100.00 ns, 47.1556 us/op
WorkloadActual   4: 16384 op, 768546200.00 ns, 46.9083 us/op

// AfterActualRun
WorkloadResult   1: 16384 op, 771561900.00 ns, 47.0924 us/op
WorkloadResult   2: 16384 op, 765172200.00 ns, 46.7024 us/op
WorkloadResult   3: 16384 op, 772573200.00 ns, 47.1541 us/op
WorkloadResult   4: 16384 op, 768521300.00 ns, 46.9068 us/op
// GC:  420 3 0 6612844544 16384
// Threading:  0 0 16384

// AfterAll
// Benchmark Process 5328 has exited with code 0.

Mean = 46.964 μs, StdErr = 0.102 μs (0.22%), N = 4, StdDev = 0.204 μs
Min = 46.702 μs, Q1 = 46.856 μs, Median = 47.000 μs, Q3 = 47.108 μs, Max = 47.154 μs
IQR = 0.252 μs, LowerFence = 46.478 μs, UpperFence = 47.486 μs
ConfidenceInterval = [45.648 μs; 48.279 μs] (CI 99.9%), Margin = 1.316 μs (2.80% of Mean)
Skewness = -0.27, Kurtosis = 0.91, MValue = 2

// ** Remained 21 (58.3%) benchmark(s) to run. Estimated finish 2026-09-25 13:44 (0h 2m from now) **
Setup power plan (GUID: 8c5e7fda-e8bf-4a96-9a85-a6e23a8c635c FriendlyName: High performance)
// **************************
// Benchmark: PostStreamingBench.Streaming: Job-KULIUI(Runtime=.NET 10.0, IterationCount=4, WarmupCount=1) [Size=65536, Shape=multi-header]
// *** Execute ***
// Launch: 1 / 1
// Execute: dotnet VectorNNTP.NNTPD.PostAllocBench-1.dll --anonymousPipes 40112 40676 --benchmarkName "VectorNNTP.NNTPD.PostAllocBench.PostStreamingBench.Streaming(Size: 65536, Shape: \"multi-header\")" --job "Runtime=.NET 10.0, IterationCount=4, WarmupCount=1" --benchmarkId 15 in C:\Users\chrisk\source\repos\Usenet.ninja\VectorNNTP\tools\VectorNNTP.NNTPD.PostAllocBench\bin\Release\net10.0\VectorNNTP.NNTPD.PostAllocBench-1\bin\Release\net10.0
// BeforeAnythingElse

// Benchmark Process Environment Information:
// BenchmarkDotNet v0.15.2
// Runtime=.NET 10.0.12 (10.0.1226.42308), X64 RyuJIT AVX2
// GC=Concurrent Workstation
// HardwareIntrinsics=AVX2,AES,BMI1,BMI2,FMA,LZCNT,PCLMUL,POPCNT,AvxVnni,SERIALIZE VectorSize=256
// Job: Job-EATLBP(IterationCount=4, WarmupCount=1)

OverheadJitting  1: 1 op, 155100.00 ns, 155.1000 us/op
WorkloadJitting  1: 1 op, 15540600.00 ns, 15.5406 ms/op

OverheadJitting  2: 16 op, 271500.00 ns, 16.9688 us/op
WorkloadJitting  2: 16 op, 1620600.00 ns, 101.2875 us/op

WorkloadPilot    1: 16 op, 1212900.00 ns, 75.8063 us/op
WorkloadPilot    2: 32 op, 2625400.00 ns, 82.0438 us/op
WorkloadPilot    3: 64 op, 5142400.00 ns, 80.3500 us/op
WorkloadPilot    4: 128 op, 9978100.00 ns, 77.9539 us/op
WorkloadPilot    5: 256 op, 19233500.00 ns, 75.1309 us/op
WorkloadPilot    6: 512 op, 38801200.00 ns, 75.7836 us/op
WorkloadPilot    7: 1024 op, 78116900.00 ns, 76.2860 us/op
WorkloadPilot    8: 2048 op, 161224300.00 ns, 78.7228 us/op
WorkloadPilot    9: 4096 op, 303826700.00 ns, 74.1764 us/op
WorkloadPilot   10: 8192 op, 427130300.00 ns, 52.1399 us/op
WorkloadPilot   11: 16384 op, 770074800.00 ns, 47.0016 us/op

OverheadWarmup   1: 16384 op, 26400.00 ns, 1.6113 ns/op
OverheadWarmup   2: 16384 op, 25300.00 ns, 1.5442 ns/op
OverheadWarmup   3: 16384 op, 25300.00 ns, 1.5442 ns/op
OverheadWarmup   4: 16384 op, 25400.00 ns, 1.5503 ns/op
OverheadWarmup   5: 16384 op, 25600.00 ns, 1.5625 ns/op
OverheadWarmup   6: 16384 op, 25300.00 ns, 1.5442 ns/op
OverheadWarmup   7: 16384 op, 25300.00 ns, 1.5442 ns/op

OverheadActual   1: 16384 op, 25400.00 ns, 1.5503 ns/op
OverheadActual   2: 16384 op, 25700.00 ns, 1.5686 ns/op
OverheadActual   3: 16384 op, 25200.00 ns, 1.5381 ns/op
OverheadActual   4: 16384 op, 25400.00 ns, 1.5503 ns/op
OverheadActual   5: 16384 op, 25300.00 ns, 1.5442 ns/op
OverheadActual   6: 16384 op, 25800.00 ns, 1.5747 ns/op
OverheadActual   7: 16384 op, 25300.00 ns, 1.5442 ns/op
OverheadActual   8: 16384 op, 25400.00 ns, 1.5503 ns/op
OverheadActual   9: 16384 op, 25300.00 ns, 1.5442 ns/op
OverheadActual  10: 16384 op, 25800.00 ns, 1.5747 ns/op
OverheadActual  11: 16384 op, 25400.00 ns, 1.5503 ns/op
OverheadActual  12: 16384 op, 25200.00 ns, 1.5381 ns/op
OverheadActual  13: 16384 op, 25300.00 ns, 1.5442 ns/op
OverheadActual  14: 16384 op, 25700.00 ns, 1.5686 ns/op
OverheadActual  15: 16384 op, 25300.00 ns, 1.5442 ns/op

WorkloadWarmup   1: 16384 op, 769793600.00 ns, 46.9845 us/op

// BeforeActualRun
WorkloadActual   1: 16384 op, 771168400.00 ns, 47.0684 us/op
WorkloadActual   2: 16384 op, 773759200.00 ns, 47.2265 us/op
WorkloadActual   3: 16384 op, 770674000.00 ns, 47.0382 us/op
WorkloadActual   4: 16384 op, 770621700.00 ns, 47.0350 us/op

// AfterActualRun
WorkloadResult   1: 16384 op, 771143000.00 ns, 47.0668 us/op
WorkloadResult   2: 16384 op, 770648600.00 ns, 47.0367 us/op
WorkloadResult   3: 16384 op, 770596300.00 ns, 47.0335 us/op
// GC:  682 682 682 3347250752 16384
// Threading:  0 0 16384

// AfterAll
// Benchmark Process 30112 has exited with code 0.

Mean = 47.046 μs, StdErr = 0.011 μs (0.02%), N = 3, StdDev = 0.018 μs
Min = 47.033 μs, Q1 = 47.035 μs, Median = 47.037 μs, Q3 = 47.052 μs, Max = 47.067 μs
IQR = 0.017 μs, LowerFence = 47.010 μs, UpperFence = 47.077 μs
ConfidenceInterval = [46.710 μs; 47.382 μs] (CI 99.9%), Margin = 0.336 μs (0.71% of Mean)
Skewness = 0.37, Kurtosis = 0.67, MValue = 2

// ** Remained 20 (55.6%) benchmark(s) to run. Estimated finish 2026-09-25 13:44 (0h 2m from now) **
Setup power plan (GUID: 8c5e7fda-e8bf-4a96-9a85-a6e23a8c635c FriendlyName: High performance)
// **************************
// Benchmark: PostStreamingBench.Legacy: Job-KULIUI(Runtime=.NET 10.0, IterationCount=4, WarmupCount=1) [Size=65536, Shape=normal]
// *** Execute ***
// Launch: 1 / 1
// Execute: dotnet VectorNNTP.NNTPD.PostAllocBench-1.dll --anonymousPipes 40592 2972 --benchmarkName "VectorNNTP.NNTPD.PostAllocBench.PostStreamingBench.Legacy(Size: 65536, Shape: \"normal\")" --job "Runtime=.NET 10.0, IterationCount=4, WarmupCount=1" --benchmarkId 16 in C:\Users\chrisk\source\repos\Usenet.ninja\VectorNNTP\tools\VectorNNTP.NNTPD.PostAllocBench\bin\Release\net10.0\VectorNNTP.NNTPD.PostAllocBench-1\bin\Release\net10.0
// BeforeAnythingElse

// Benchmark Process Environment Information:
// BenchmarkDotNet v0.15.2
// Runtime=.NET 10.0.12 (10.0.1226.42308), X64 RyuJIT AVX2
// GC=Concurrent Workstation
// HardwareIntrinsics=AVX2,AES,BMI1,BMI2,FMA,LZCNT,PCLMUL,POPCNT,AvxVnni,SERIALIZE VectorSize=256
// Job: Job-EATLBP(IterationCount=4, WarmupCount=1)

OverheadJitting  1: 1 op, 149100.00 ns, 149.1000 us/op
WorkloadJitting  1: 1 op, 16844000.00 ns, 16.8440 ms/op

OverheadJitting  2: 16 op, 297800.00 ns, 18.6125 us/op
WorkloadJitting  2: 16 op, 3419900.00 ns, 213.7438 us/op

WorkloadPilot    1: 16 op, 2352900.00 ns, 147.0563 us/op
WorkloadPilot    2: 32 op, 4744300.00 ns, 148.2594 us/op
WorkloadPilot    3: 64 op, 6871000.00 ns, 107.3594 us/op
WorkloadPilot    4: 128 op, 10666800.00 ns, 83.3344 us/op
WorkloadPilot    5: 256 op, 19796100.00 ns, 77.3285 us/op
WorkloadPilot    6: 512 op, 38607600.00 ns, 75.4055 us/op
WorkloadPilot    7: 1024 op, 75473200.00 ns, 73.7043 us/op
WorkloadPilot    8: 2048 op, 163944100.00 ns, 80.0508 us/op
WorkloadPilot    9: 4096 op, 298597000.00 ns, 72.8997 us/op
WorkloadPilot   10: 8192 op, 383619500.00 ns, 46.8286 us/op
WorkloadPilot   11: 16384 op, 737344700.00 ns, 45.0039 us/op

OverheadWarmup   1: 16384 op, 26500.00 ns, 1.6174 ns/op
OverheadWarmup   2: 16384 op, 25300.00 ns, 1.5442 ns/op
OverheadWarmup   3: 16384 op, 36200.00 ns, 2.2095 ns/op
OverheadWarmup   4: 16384 op, 25300.00 ns, 1.5442 ns/op
OverheadWarmup   5: 16384 op, 25700.00 ns, 1.5686 ns/op
OverheadWarmup   6: 16384 op, 25300.00 ns, 1.5442 ns/op

OverheadActual   1: 16384 op, 25300.00 ns, 1.5442 ns/op
OverheadActual   2: 16384 op, 25400.00 ns, 1.5503 ns/op
OverheadActual   3: 16384 op, 25600.00 ns, 1.5625 ns/op
OverheadActual   4: 16384 op, 25300.00 ns, 1.5442 ns/op
OverheadActual   5: 16384 op, 25300.00 ns, 1.5442 ns/op
OverheadActual   6: 16384 op, 25200.00 ns, 1.5381 ns/op
OverheadActual   7: 16384 op, 25600.00 ns, 1.5625 ns/op
OverheadActual   8: 16384 op, 25200.00 ns, 1.5381 ns/op
OverheadActual   9: 16384 op, 25300.00 ns, 1.5442 ns/op
OverheadActual  10: 16384 op, 25300.00 ns, 1.5442 ns/op
OverheadActual  11: 16384 op, 25600.00 ns, 1.5625 ns/op
OverheadActual  12: 16384 op, 25200.00 ns, 1.5381 ns/op
OverheadActual  13: 16384 op, 25200.00 ns, 1.5381 ns/op
OverheadActual  14: 16384 op, 25200.00 ns, 1.5381 ns/op
OverheadActual  15: 16384 op, 25600.00 ns, 1.5625 ns/op

WorkloadWarmup   1: 16384 op, 743119200.00 ns, 45.3564 us/op

// BeforeActualRun
WorkloadActual   1: 16384 op, 737209500.00 ns, 44.9957 us/op
WorkloadActual   2: 16384 op, 734905300.00 ns, 44.8551 us/op
WorkloadActual   3: 16384 op, 735715500.00 ns, 44.9045 us/op
WorkloadActual   4: 16384 op, 735745500.00 ns, 44.9063 us/op

// AfterActualRun
WorkloadResult   1: 16384 op, 734880000.00 ns, 44.8535 us/op
WorkloadResult   2: 16384 op, 735690200.00 ns, 44.9030 us/op
WorkloadResult   3: 16384 op, 735720200.00 ns, 44.9048 us/op
// GC:  418 139 0 6584401920 16384
// Threading:  0 0 16384

// AfterAll
// Benchmark Process 35860 has exited with code 0.

Mean = 44.887 μs, StdErr = 0.017 μs (0.04%), N = 3, StdDev = 0.029 μs
Min = 44.854 μs, Q1 = 44.878 μs, Median = 44.903 μs, Q3 = 44.904 μs, Max = 44.905 μs
IQR = 0.026 μs, LowerFence = 44.840 μs, UpperFence = 44.942 μs
ConfidenceInterval = [44.356 μs; 45.418 μs] (CI 99.9%), Margin = 0.531 μs (1.18% of Mean)
Skewness = -0.38, Kurtosis = 0.67, MValue = 2

// ** Remained 19 (52.8%) benchmark(s) to run. Estimated finish 2026-09-25 13:44 (0h 2m from now) **
Setup power plan (GUID: 8c5e7fda-e8bf-4a96-9a85-a6e23a8c635c FriendlyName: High performance)
// **************************
// Benchmark: PostStreamingBench.Streaming: Job-KULIUI(Runtime=.NET 10.0, IterationCount=4, WarmupCount=1) [Size=65536, Shape=normal]
// *** Execute ***
// Launch: 1 / 1
// Execute: dotnet VectorNNTP.NNTPD.PostAllocBench-1.dll --anonymousPipes 40112 40420 --benchmarkName "VectorNNTP.NNTPD.PostAllocBench.PostStreamingBench.Streaming(Size: 65536, Shape: \"normal\")" --job "Runtime=.NET 10.0, IterationCount=4, WarmupCount=1" --benchmarkId 17 in C:\Users\chrisk\source\repos\Usenet.ninja\VectorNNTP\tools\VectorNNTP.NNTPD.PostAllocBench\bin\Release\net10.0\VectorNNTP.NNTPD.PostAllocBench-1\bin\Release\net10.0
// BeforeAnythingElse

// Benchmark Process Environment Information:
// BenchmarkDotNet v0.15.2
// Runtime=.NET 10.0.12 (10.0.1226.42308), X64 RyuJIT AVX2
// GC=Concurrent Workstation
// HardwareIntrinsics=AVX2,AES,BMI1,BMI2,FMA,LZCNT,PCLMUL,POPCNT,AvxVnni,SERIALIZE VectorSize=256
// Job: Job-EATLBP(IterationCount=4, WarmupCount=1)

OverheadJitting  1: 1 op, 150500.00 ns, 150.5000 us/op
WorkloadJitting  1: 1 op, 15068100.00 ns, 15.0681 ms/op

OverheadJitting  2: 16 op, 265300.00 ns, 16.5813 us/op
WorkloadJitting  2: 16 op, 1314800.00 ns, 82.1750 us/op

WorkloadPilot    1: 16 op, 1007400.00 ns, 62.9625 us/op
WorkloadPilot    2: 32 op, 2356300.00 ns, 73.6344 us/op
WorkloadPilot    3: 64 op, 4402700.00 ns, 68.7922 us/op
WorkloadPilot    4: 128 op, 8936300.00 ns, 69.8148 us/op
WorkloadPilot    5: 256 op, 17548100.00 ns, 68.5473 us/op
WorkloadPilot    6: 512 op, 34231400.00 ns, 66.8582 us/op
WorkloadPilot    7: 1024 op, 67794100.00 ns, 66.2052 us/op
WorkloadPilot    8: 2048 op, 144178100.00 ns, 70.3995 us/op
WorkloadPilot    9: 4096 op, 279792600.00 ns, 68.3087 us/op
WorkloadPilot   10: 8192 op, 417272200.00 ns, 50.9365 us/op
WorkloadPilot   11: 16384 op, 746903100.00 ns, 45.5873 us/op

OverheadWarmup   1: 16384 op, 25900.00 ns, 1.5808 ns/op
OverheadWarmup   2: 16384 op, 24900.00 ns, 1.5198 ns/op
OverheadWarmup   3: 16384 op, 25000.00 ns, 1.5259 ns/op
OverheadWarmup   4: 16384 op, 25000.00 ns, 1.5259 ns/op
OverheadWarmup   5: 16384 op, 25200.00 ns, 1.5381 ns/op
OverheadWarmup   6: 16384 op, 24900.00 ns, 1.5198 ns/op

OverheadActual   1: 16384 op, 25000.00 ns, 1.5259 ns/op
OverheadActual   2: 16384 op, 24800.00 ns, 1.5137 ns/op
OverheadActual   3: 16384 op, 25200.00 ns, 1.5381 ns/op
OverheadActual   4: 16384 op, 24800.00 ns, 1.5137 ns/op
OverheadActual   5: 16384 op, 24900.00 ns, 1.5198 ns/op
OverheadActual   6: 16384 op, 25000.00 ns, 1.5259 ns/op
OverheadActual   7: 16384 op, 25500.00 ns, 1.5564 ns/op
OverheadActual   8: 16384 op, 24900.00 ns, 1.5198 ns/op
OverheadActual   9: 16384 op, 24900.00 ns, 1.5198 ns/op
OverheadActual  10: 16384 op, 24900.00 ns, 1.5198 ns/op
OverheadActual  11: 16384 op, 25300.00 ns, 1.5442 ns/op
OverheadActual  12: 16384 op, 24900.00 ns, 1.5198 ns/op
OverheadActual  13: 16384 op, 24900.00 ns, 1.5198 ns/op
OverheadActual  14: 16384 op, 24900.00 ns, 1.5198 ns/op
OverheadActual  15: 16384 op, 33800.00 ns, 2.0630 ns/op

WorkloadWarmup   1: 16384 op, 752429700.00 ns, 45.9247 us/op

// BeforeActualRun
WorkloadActual   1: 16384 op, 749394900.00 ns, 45.7394 us/op
WorkloadActual   2: 16384 op, 749068900.00 ns, 45.7195 us/op
WorkloadActual   3: 16384 op, 753261700.00 ns, 45.9754 us/op
WorkloadActual   4: 16384 op, 759631900.00 ns, 46.3643 us/op

// AfterActualRun
WorkloadResult   1: 16384 op, 749370000.00 ns, 45.7379 us/op
WorkloadResult   2: 16384 op, 749044000.00 ns, 45.7180 us/op
WorkloadResult   3: 16384 op, 753236800.00 ns, 45.9739 us/op
WorkloadResult   4: 16384 op, 759607000.00 ns, 46.3627 us/op
// GC:  682 682 682 3315662400 16384
// Threading:  0 0 16384

// AfterAll
// Benchmark Process 16484 has exited with code 0.

Mean = 45.948 μs, StdErr = 0.150 μs (0.33%), N = 4, StdDev = 0.300 μs
Min = 45.718 μs, Q1 = 45.733 μs, Median = 45.856 μs, Q3 = 46.071 μs, Max = 46.363 μs
IQR = 0.338 μs, LowerFence = 45.226 μs, UpperFence = 46.578 μs
ConfidenceInterval = [44.011 μs; 47.886 μs] (CI 99.9%), Margin = 1.938 μs (4.22% of Mean)
Skewness = 0.46, Kurtosis = 1.06, MValue = 2

// ** Remained 18 (50.0%) benchmark(s) to run. Estimated finish 2026-09-25 13:44 (0h 2m from now) **
Setup power plan (GUID: 8c5e7fda-e8bf-4a96-9a85-a6e23a8c635c FriendlyName: High performance)
// **************************
// Benchmark: PostStreamingBench.Legacy: Job-KULIUI(Runtime=.NET 10.0, IterationCount=4, WarmupCount=1) [Size=262144, Shape=dot-leading]
// *** Execute ***
// Launch: 1 / 1
// Execute: dotnet VectorNNTP.NNTPD.PostAllocBench-1.dll --anonymousPipes 40376 40708 --benchmarkName "VectorNNTP.NNTPD.PostAllocBench.PostStreamingBench.Legacy(Size: 262144, Shape: \"dot-leading\")" --job "Runtime=.NET 10.0, IterationCount=4, WarmupCount=1" --benchmarkId 18 in C:\Users\chrisk\source\repos\Usenet.ninja\VectorNNTP\tools\VectorNNTP.NNTPD.PostAllocBench\bin\Release\net10.0\VectorNNTP.NNTPD.PostAllocBench-1\bin\Release\net10.0
// BeforeAnythingElse

// Benchmark Process Environment Information:
// BenchmarkDotNet v0.15.2
// Runtime=.NET 10.0.12 (10.0.1226.42308), X64 RyuJIT AVX2
// GC=Concurrent Workstation
// HardwareIntrinsics=AVX2,AES,BMI1,BMI2,FMA,LZCNT,PCLMUL,POPCNT,AvxVnni,SERIALIZE VectorSize=256
// Job: Job-EATLBP(IterationCount=4, WarmupCount=1)

OverheadJitting  1: 1 op, 198500.00 ns, 198.5000 us/op
WorkloadJitting  1: 1 op, 41749800.00 ns, 41.7498 ms/op

WorkloadPilot    1: 2 op, 23099900.00 ns, 11.5500 ms/op
WorkloadPilot    2: 3 op, 34207800.00 ns, 11.4026 ms/op
WorkloadPilot    3: 4 op, 46027200.00 ns, 11.5068 ms/op
WorkloadPilot    4: 5 op, 57625300.00 ns, 11.5251 ms/op
WorkloadPilot    5: 6 op, 46179500.00 ns, 7.6966 ms/op
WorkloadPilot    6: 7 op, 20925200.00 ns, 2.9893 ms/op
WorkloadPilot    7: 8 op, 22923500.00 ns, 2.8654 ms/op
WorkloadPilot    8: 9 op, 25072800.00 ns, 2.7859 ms/op
WorkloadPilot    9: 10 op, 28156900.00 ns, 2.8157 ms/op
WorkloadPilot   10: 11 op, 30892100.00 ns, 2.8084 ms/op
WorkloadPilot   11: 12 op, 33404700.00 ns, 2.7837 ms/op
WorkloadPilot   12: 13 op, 35782300.00 ns, 2.7525 ms/op
WorkloadPilot   13: 14 op, 35552300.00 ns, 2.5395 ms/op
WorkloadPilot   14: 15 op, 29423500.00 ns, 1.9616 ms/op
WorkloadPilot   15: 16 op, 29761500.00 ns, 1.8601 ms/op
WorkloadPilot   16: 32 op, 59277200.00 ns, 1.8524 ms/op
WorkloadPilot   17: 64 op, 115390200.00 ns, 1.8030 ms/op
WorkloadPilot   18: 128 op, 236384900.00 ns, 1.8468 ms/op
WorkloadPilot   19: 256 op, 416644200.00 ns, 1.6275 ms/op
WorkloadPilot   20: 512 op, 858655200.00 ns, 1.6771 ms/op

WorkloadWarmup   1: 512 op, 863094400.00 ns, 1.6857 ms/op

// BeforeActualRun
WorkloadActual   1: 512 op, 858628500.00 ns, 1.6770 ms/op
WorkloadActual   2: 512 op, 855423300.00 ns, 1.6707 ms/op
WorkloadActual   3: 512 op, 853383600.00 ns, 1.6668 ms/op
WorkloadActual   4: 512 op, 856034000.00 ns, 1.6719 ms/op

// AfterActualRun
WorkloadResult   1: 512 op, 858628500.00 ns, 1.6770 ms/op
WorkloadResult   2: 512 op, 855423300.00 ns, 1.6707 ms/op
WorkloadResult   3: 512 op, 853383600.00 ns, 1.6668 ms/op
WorkloadResult   4: 512 op, 856034000.00 ns, 1.6719 ms/op
// GC:  258 256 256 941367280 512
// Threading:  0 0 512

// AfterAll
// Benchmark Process 28628 has exited with code 0.

Mean = 1.672 ms, StdErr = 0.002 ms (0.13%), N = 4, StdDev = 0.004 ms
Min = 1.667 ms, Q1 = 1.670 ms, Median = 1.671 ms, Q3 = 1.673 ms, Max = 1.677 ms
IQR = 0.003 ms, LowerFence = 1.665 ms, UpperFence = 1.678 ms
ConfidenceInterval = [1.644 ms; 1.699 ms] (CI 99.9%), Margin = 0.027 ms (1.63% of Mean)
Skewness = 0.14, Kurtosis = 1.1, MValue = 2

// ** Remained 17 (47.2%) benchmark(s) to run. Estimated finish 2026-09-25 13:44 (0h 1m from now) **
Setup power plan (GUID: 8c5e7fda-e8bf-4a96-9a85-a6e23a8c635c FriendlyName: High performance)
// **************************
// Benchmark: PostStreamingBench.Streaming: Job-KULIUI(Runtime=.NET 10.0, IterationCount=4, WarmupCount=1) [Size=262144, Shape=dot-leading]
// *** Execute ***
// Launch: 1 / 1
// Execute: dotnet VectorNNTP.NNTPD.PostAllocBench-1.dll --anonymousPipes 1528 2748 --benchmarkName "VectorNNTP.NNTPD.PostAllocBench.PostStreamingBench.Streaming(Size: 262144, Shape: \"dot-leading\")" --job "Runtime=.NET 10.0, IterationCount=4, WarmupCount=1" --benchmarkId 19 in C:\Users\chrisk\source\repos\Usenet.ninja\VectorNNTP\tools\VectorNNTP.NNTPD.PostAllocBench\bin\Release\net10.0\VectorNNTP.NNTPD.PostAllocBench-1\bin\Release\net10.0
// BeforeAnythingElse

// Benchmark Process Environment Information:
// BenchmarkDotNet v0.15.2
// Runtime=.NET 10.0.12 (10.0.1226.42308), X64 RyuJIT AVX2
// GC=Concurrent Workstation
// HardwareIntrinsics=AVX2,AES,BMI1,BMI2,FMA,LZCNT,PCLMUL,POPCNT,AvxVnni,SERIALIZE VectorSize=256
// Job: Job-EATLBP(IterationCount=4, WarmupCount=1)

OverheadJitting  1: 1 op, 154800.00 ns, 154.8000 us/op
WorkloadJitting  1: 1 op, 36910100.00 ns, 36.9101 ms/op

WorkloadPilot    1: 2 op, 20783200.00 ns, 10.3916 ms/op
WorkloadPilot    2: 3 op, 30769500.00 ns, 10.2565 ms/op
WorkloadPilot    3: 4 op, 41599200.00 ns, 10.3998 ms/op
WorkloadPilot    4: 5 op, 51355500.00 ns, 10.2711 ms/op
WorkloadPilot    5: 6 op, 58505200.00 ns, 9.7509 ms/op
WorkloadPilot    6: 7 op, 21363900.00 ns, 3.0520 ms/op
WorkloadPilot    7: 8 op, 23926000.00 ns, 2.9908 ms/op
WorkloadPilot    8: 9 op, 26335600.00 ns, 2.9262 ms/op
WorkloadPilot    9: 10 op, 29202800.00 ns, 2.9203 ms/op
WorkloadPilot   10: 11 op, 25893800.00 ns, 2.3540 ms/op
WorkloadPilot   11: 12 op, 14131800.00 ns, 1.1777 ms/op
WorkloadPilot   12: 13 op, 14765800.00 ns, 1.1358 ms/op
WorkloadPilot   13: 14 op, 15432100.00 ns, 1.1023 ms/op
WorkloadPilot   14: 15 op, 16508800.00 ns, 1.1006 ms/op
WorkloadPilot   15: 16 op, 17639000.00 ns, 1.1024 ms/op
WorkloadPilot   16: 32 op, 35774300.00 ns, 1.1179 ms/op
WorkloadPilot   17: 64 op, 84659600.00 ns, 1.3228 ms/op
WorkloadPilot   18: 128 op, 156228100.00 ns, 1.2205 ms/op
WorkloadPilot   19: 256 op, 252434500.00 ns, 986.0723 us/op
WorkloadPilot   20: 512 op, 462631200.00 ns, 903.5766 us/op
WorkloadPilot   21: 1024 op, 921272000.00 ns, 899.6797 us/op

WorkloadWarmup   1: 1024 op, 925675800.00 ns, 903.9803 us/op

// BeforeActualRun
WorkloadActual   1: 1024 op, 923730200.00 ns, 902.0803 us/op
WorkloadActual   2: 1024 op, 924361200.00 ns, 902.6965 us/op
WorkloadActual   3: 1024 op, 928521100.00 ns, 906.7589 us/op
WorkloadActual   4: 1024 op, 924337200.00 ns, 902.6730 us/op

// AfterActualRun
WorkloadResult   1: 1024 op, 923730200.00 ns, 902.0803 us/op
WorkloadResult   2: 1024 op, 924361200.00 ns, 902.6965 us/op
WorkloadResult   3: 1024 op, 924337200.00 ns, 902.6730 us/op
// GC:  292 292 292 1019682432 1024
// Threading:  0 0 1024

// AfterAll
// Benchmark Process 19852 has exited with code 0.

Mean = 902.483 μs, StdErr = 0.202 μs (0.02%), N = 3, StdDev = 0.349 μs
Min = 902.080 μs, Q1 = 902.377 μs, Median = 902.673 μs, Q3 = 902.685 μs, Max = 902.696 μs
IQR = 0.308 μs, LowerFence = 901.915 μs, UpperFence = 903.147 μs
ConfidenceInterval = [896.113 μs; 908.854 μs] (CI 99.9%), Margin = 6.371 μs (0.71% of Mean)
Skewness = -0.38, Kurtosis = 0.67, MValue = 2

// ** Remained 16 (44.4%) benchmark(s) to run. Estimated finish 2026-09-25 13:44 (0h 1m from now) **
Setup power plan (GUID: 8c5e7fda-e8bf-4a96-9a85-a6e23a8c635c FriendlyName: High performance)
// **************************
// Benchmark: PostStreamingBench.Legacy: Job-KULIUI(Runtime=.NET 10.0, IterationCount=4, WarmupCount=1) [Size=262144, Shape=multi-header]
// *** Execute ***
// Launch: 1 / 1
// Execute: dotnet VectorNNTP.NNTPD.PostAllocBench-1.dll --anonymousPipes 37172 35696 --benchmarkName "VectorNNTP.NNTPD.PostAllocBench.PostStreamingBench.Legacy(Size: 262144, Shape: \"multi-header\")" --job "Runtime=.NET 10.0, IterationCount=4, WarmupCount=1" --benchmarkId 20 in C:\Users\chrisk\source\repos\Usenet.ninja\VectorNNTP\tools\VectorNNTP.NNTPD.PostAllocBench\bin\Release\net10.0\VectorNNTP.NNTPD.PostAllocBench-1\bin\Release\net10.0
// BeforeAnythingElse

// Benchmark Process Environment Information:
// BenchmarkDotNet v0.15.2
// Runtime=.NET 10.0.12 (10.0.1226.42308), X64 RyuJIT AVX2
// GC=Concurrent Workstation
// HardwareIntrinsics=AVX2,AES,BMI1,BMI2,FMA,LZCNT,PCLMUL,POPCNT,AvxVnni,SERIALIZE VectorSize=256
// Job: Job-EATLBP(IterationCount=4, WarmupCount=1)

OverheadJitting  1: 1 op, 177400.00 ns, 177.4000 us/op
WorkloadJitting  1: 1 op, 17823400.00 ns, 17.8234 ms/op

OverheadJitting  2: 16 op, 281400.00 ns, 17.5875 us/op
WorkloadJitting  2: 16 op, 9374100.00 ns, 585.8813 us/op

WorkloadPilot    1: 16 op, 9217200.00 ns, 576.0750 us/op
WorkloadPilot    2: 32 op, 18110400.00 ns, 565.9500 us/op
WorkloadPilot    3: 64 op, 36267700.00 ns, 566.6828 us/op
WorkloadPilot    4: 128 op, 73831000.00 ns, 576.8047 us/op
WorkloadPilot    5: 256 op, 148067000.00 ns, 578.3867 us/op
WorkloadPilot    6: 512 op, 309166600.00 ns, 603.8410 us/op
WorkloadPilot    7: 1024 op, 537298000.00 ns, 524.7051 us/op

OverheadWarmup   1: 1024 op, 3200.00 ns, 3.1250 ns/op
OverheadWarmup   2: 1024 op, 2000.00 ns, 1.9531 ns/op
OverheadWarmup   3: 1024 op, 1900.00 ns, 1.8555 ns/op
OverheadWarmup   4: 1024 op, 1900.00 ns, 1.8555 ns/op
OverheadWarmup   5: 1024 op, 1900.00 ns, 1.8555 ns/op
OverheadWarmup   6: 1024 op, 1900.00 ns, 1.8555 ns/op
OverheadWarmup   7: 1024 op, 1900.00 ns, 1.8555 ns/op

OverheadActual   1: 1024 op, 1900.00 ns, 1.8555 ns/op
OverheadActual   2: 1024 op, 1900.00 ns, 1.8555 ns/op
OverheadActual   3: 1024 op, 1900.00 ns, 1.8555 ns/op
OverheadActual   4: 1024 op, 1900.00 ns, 1.8555 ns/op
OverheadActual   5: 1024 op, 1900.00 ns, 1.8555 ns/op
OverheadActual   6: 1024 op, 1900.00 ns, 1.8555 ns/op
OverheadActual   7: 1024 op, 1900.00 ns, 1.8555 ns/op
OverheadActual   8: 1024 op, 1900.00 ns, 1.8555 ns/op
OverheadActual   9: 1024 op, 1900.00 ns, 1.8555 ns/op
OverheadActual  10: 1024 op, 1900.00 ns, 1.8555 ns/op
OverheadActual  11: 1024 op, 1900.00 ns, 1.8555 ns/op
OverheadActual  12: 1024 op, 1900.00 ns, 1.8555 ns/op
OverheadActual  13: 1024 op, 1900.00 ns, 1.8555 ns/op
OverheadActual  14: 1024 op, 1900.00 ns, 1.8555 ns/op
OverheadActual  15: 1024 op, 1900.00 ns, 1.8555 ns/op

WorkloadWarmup   1: 1024 op, 512198400.00 ns, 500.1938 us/op

// BeforeActualRun
WorkloadActual   1: 1024 op, 503111600.00 ns, 491.3199 us/op
WorkloadActual   2: 1024 op, 502957600.00 ns, 491.1695 us/op
WorkloadActual   3: 1024 op, 500182800.00 ns, 488.4598 us/op
WorkloadActual   4: 1024 op, 499402300.00 ns, 487.6976 us/op

// AfterActualRun
WorkloadResult   1: 1024 op, 503109700.00 ns, 491.3181 us/op
WorkloadResult   2: 1024 op, 502955700.00 ns, 491.1677 us/op
WorkloadResult   3: 1024 op, 500180900.00 ns, 488.4579 us/op
WorkloadResult   4: 1024 op, 499400400.00 ns, 487.6957 us/op
// GC:  511 511 511 1761942208 1024
// Threading:  0 0 1024

// AfterAll
// Benchmark Process 9928 has exited with code 0.

Mean = 489.660 μs, StdErr = 0.928 μs (0.19%), N = 4, StdDev = 1.855 μs
Min = 487.696 μs, Q1 = 488.267 μs, Median = 489.813 μs, Q3 = 491.205 μs, Max = 491.318 μs
IQR = 2.938 μs, LowerFence = 483.860 μs, UpperFence = 495.612 μs
ConfidenceInterval = [477.671 μs; 501.648 μs] (CI 99.9%), Margin = 11.989 μs (2.45% of Mean)
Skewness = -0.05, Kurtosis = 0.63, MValue = 2

// ** Remained 15 (41.7%) benchmark(s) to run. Estimated finish 2026-09-25 13:44 (0h 1m from now) **
Setup power plan (GUID: 8c5e7fda-e8bf-4a96-9a85-a6e23a8c635c FriendlyName: High performance)
// **************************
// Benchmark: PostStreamingBench.Streaming: Job-KULIUI(Runtime=.NET 10.0, IterationCount=4, WarmupCount=1) [Size=262144, Shape=multi-header]
// *** Execute ***
// Launch: 1 / 1
// Execute: dotnet VectorNNTP.NNTPD.PostAllocBench-1.dll --anonymousPipes 35684 40520 --benchmarkName "VectorNNTP.NNTPD.PostAllocBench.PostStreamingBench.Streaming(Size: 262144, Shape: \"multi-header\")" --job "Runtime=.NET 10.0, IterationCount=4, WarmupCount=1" --benchmarkId 21 in C:\Users\chrisk\source\repos\Usenet.ninja\VectorNNTP\tools\VectorNNTP.NNTPD.PostAllocBench\bin\Release\net10.0\VectorNNTP.NNTPD.PostAllocBench-1\bin\Release\net10.0
// BeforeAnythingElse

// Benchmark Process Environment Information:
// BenchmarkDotNet v0.15.2
// Runtime=.NET 10.0.12 (10.0.1226.42308), X64 RyuJIT AVX2
// GC=Concurrent Workstation
// HardwareIntrinsics=AVX2,AES,BMI1,BMI2,FMA,LZCNT,PCLMUL,POPCNT,AvxVnni,SERIALIZE VectorSize=256
// Job: Job-EATLBP(IterationCount=4, WarmupCount=1)

OverheadJitting  1: 1 op, 153800.00 ns, 153.8000 us/op
WorkloadJitting  1: 1 op, 15879600.00 ns, 15.8796 ms/op

OverheadJitting  2: 16 op, 268400.00 ns, 16.7750 us/op
WorkloadJitting  2: 16 op, 4413000.00 ns, 275.8125 us/op

WorkloadPilot    1: 16 op, 3799100.00 ns, 237.4438 us/op
WorkloadPilot    2: 32 op, 7493700.00 ns, 234.1781 us/op
WorkloadPilot    3: 64 op, 15067500.00 ns, 235.4297 us/op
WorkloadPilot    4: 128 op, 30324700.00 ns, 236.9117 us/op
WorkloadPilot    5: 256 op, 60780700.00 ns, 237.4246 us/op
WorkloadPilot    6: 512 op, 121645700.00 ns, 237.5893 us/op
WorkloadPilot    7: 1024 op, 243936900.00 ns, 238.2196 us/op
WorkloadPilot    8: 2048 op, 433638500.00 ns, 211.7375 us/op
WorkloadPilot    9: 4096 op, 744623900.00 ns, 181.7929 us/op

OverheadWarmup   1: 4096 op, 7700.00 ns, 1.8799 ns/op
OverheadWarmup   2: 4096 op, 6700.00 ns, 1.6357 ns/op
OverheadWarmup   3: 4096 op, 6600.00 ns, 1.6113 ns/op
OverheadWarmup   4: 4096 op, 6600.00 ns, 1.6113 ns/op
OverheadWarmup   5: 4096 op, 6700.00 ns, 1.6357 ns/op
OverheadWarmup   6: 4096 op, 6700.00 ns, 1.6357 ns/op
OverheadWarmup   7: 4096 op, 6600.00 ns, 1.6113 ns/op

OverheadActual   1: 4096 op, 6600.00 ns, 1.6113 ns/op
OverheadActual   2: 4096 op, 6500.00 ns, 1.5869 ns/op
OverheadActual   3: 4096 op, 6700.00 ns, 1.6357 ns/op
OverheadActual   4: 4096 op, 6700.00 ns, 1.6357 ns/op
OverheadActual   5: 4096 op, 6600.00 ns, 1.6113 ns/op
OverheadActual   6: 4096 op, 6500.00 ns, 1.5869 ns/op
OverheadActual   7: 4096 op, 6500.00 ns, 1.5869 ns/op
OverheadActual   8: 4096 op, 11100.00 ns, 2.7100 ns/op
OverheadActual   9: 4096 op, 6700.00 ns, 1.6357 ns/op
OverheadActual  10: 4096 op, 7100.00 ns, 1.7334 ns/op
OverheadActual  11: 4096 op, 6600.00 ns, 1.6113 ns/op
OverheadActual  12: 4096 op, 6600.00 ns, 1.6113 ns/op
OverheadActual  13: 4096 op, 6600.00 ns, 1.6113 ns/op
OverheadActual  14: 4096 op, 6700.00 ns, 1.6357 ns/op
OverheadActual  15: 4096 op, 6600.00 ns, 1.6113 ns/op

WorkloadWarmup   1: 4096 op, 736815500.00 ns, 179.8866 us/op

// BeforeActualRun
WorkloadActual   1: 4096 op, 740843100.00 ns, 180.8699 us/op
WorkloadActual   2: 4096 op, 735515200.00 ns, 179.5691 us/op
WorkloadActual   3: 4096 op, 730648800.00 ns, 178.3811 us/op
WorkloadActual   4: 4096 op, 746640700.00 ns, 182.2853 us/op

// AfterActualRun
WorkloadResult   1: 4096 op, 740836500.00 ns, 180.8683 us/op
WorkloadResult   2: 4096 op, 735508600.00 ns, 179.5675 us/op
WorkloadResult   3: 4096 op, 730642200.00 ns, 178.3794 us/op
WorkloadResult   4: 4096 op, 746634100.00 ns, 182.2837 us/op
// GC:  1170 1170 1170 4084268864 4096
// Threading:  0 0 4096

// AfterAll
// Benchmark Process 22592 has exited with code 0.

Mean = 180.275 μs, StdErr = 0.841 μs (0.47%), N = 4, StdDev = 1.681 μs
Min = 178.379 μs, Q1 = 179.271 μs, Median = 180.218 μs, Q3 = 181.222 μs, Max = 182.284 μs
IQR = 1.952 μs, LowerFence = 176.343 μs, UpperFence = 184.150 μs
ConfidenceInterval = [169.410 μs; 191.139 μs] (CI 99.9%), Margin = 10.865 μs (6.03% of Mean)
Skewness = 0.06, Kurtosis = 0.92, MValue = 2

// ** Remained 14 (38.9%) benchmark(s) to run. Estimated finish 2026-09-25 13:44 (0h 1m from now) **
Setup power plan (GUID: 8c5e7fda-e8bf-4a96-9a85-a6e23a8c635c FriendlyName: High performance)
// **************************
// Benchmark: PostStreamingBench.Legacy: Job-KULIUI(Runtime=.NET 10.0, IterationCount=4, WarmupCount=1) [Size=262144, Shape=normal]
// *** Execute ***
// Launch: 1 / 1
// Execute: dotnet VectorNNTP.NNTPD.PostAllocBench-1.dll --anonymousPipes 35680 37056 --benchmarkName "VectorNNTP.NNTPD.PostAllocBench.PostStreamingBench.Legacy(Size: 262144, Shape: \"normal\")" --job "Runtime=.NET 10.0, IterationCount=4, WarmupCount=1" --benchmarkId 22 in C:\Users\chrisk\source\repos\Usenet.ninja\VectorNNTP\tools\VectorNNTP.NNTPD.PostAllocBench\bin\Release\net10.0\VectorNNTP.NNTPD.PostAllocBench-1\bin\Release\net10.0
// BeforeAnythingElse

// Benchmark Process Environment Information:
// BenchmarkDotNet v0.15.2
// Runtime=.NET 10.0.12 (10.0.1226.42308), X64 RyuJIT AVX2
// GC=Concurrent Workstation
// HardwareIntrinsics=AVX2,AES,BMI1,BMI2,FMA,LZCNT,PCLMUL,POPCNT,AvxVnni,SERIALIZE VectorSize=256
// Job: Job-EATLBP(IterationCount=4, WarmupCount=1)

OverheadJitting  1: 1 op, 176000.00 ns, 176.0000 us/op
WorkloadJitting  1: 1 op, 17122600.00 ns, 17.1226 ms/op

OverheadJitting  2: 16 op, 257100.00 ns, 16.0688 us/op
WorkloadJitting  2: 16 op, 9213500.00 ns, 575.8438 us/op

WorkloadPilot    1: 16 op, 8850000.00 ns, 553.1250 us/op
WorkloadPilot    2: 32 op, 17977900.00 ns, 561.8094 us/op
WorkloadPilot    3: 64 op, 36602400.00 ns, 571.9125 us/op
WorkloadPilot    4: 128 op, 73598400.00 ns, 574.9875 us/op
WorkloadPilot    5: 256 op, 151806300.00 ns, 592.9934 us/op
WorkloadPilot    6: 512 op, 301251900.00 ns, 588.3826 us/op
WorkloadPilot    7: 1024 op, 534905000.00 ns, 522.3682 us/op

OverheadWarmup   1: 1024 op, 3200.00 ns, 3.1250 ns/op
OverheadWarmup   2: 1024 op, 1900.00 ns, 1.8555 ns/op
OverheadWarmup   3: 1024 op, 2000.00 ns, 1.9531 ns/op
OverheadWarmup   4: 1024 op, 2000.00 ns, 1.9531 ns/op
OverheadWarmup   5: 1024 op, 1900.00 ns, 1.8555 ns/op
OverheadWarmup   6: 1024 op, 1900.00 ns, 1.8555 ns/op

OverheadActual   1: 1024 op, 2000.00 ns, 1.9531 ns/op
OverheadActual   2: 1024 op, 2000.00 ns, 1.9531 ns/op
OverheadActual   3: 1024 op, 2000.00 ns, 1.9531 ns/op
OverheadActual   4: 1024 op, 1900.00 ns, 1.8555 ns/op
OverheadActual   5: 1024 op, 1900.00 ns, 1.8555 ns/op
OverheadActual   6: 1024 op, 1900.00 ns, 1.8555 ns/op
OverheadActual   7: 1024 op, 1900.00 ns, 1.8555 ns/op
OverheadActual   8: 1024 op, 1800.00 ns, 1.7578 ns/op
OverheadActual   9: 1024 op, 1900.00 ns, 1.8555 ns/op
OverheadActual  10: 1024 op, 1900.00 ns, 1.8555 ns/op
OverheadActual  11: 1024 op, 1900.00 ns, 1.8555 ns/op
OverheadActual  12: 1024 op, 2000.00 ns, 1.9531 ns/op
OverheadActual  13: 1024 op, 1900.00 ns, 1.8555 ns/op
OverheadActual  14: 1024 op, 1900.00 ns, 1.8555 ns/op
OverheadActual  15: 1024 op, 2000.00 ns, 1.9531 ns/op

WorkloadWarmup   1: 1024 op, 512181800.00 ns, 500.1775 us/op

// BeforeActualRun
WorkloadActual   1: 1024 op, 509420200.00 ns, 497.4807 us/op
WorkloadActual   2: 1024 op, 509631700.00 ns, 497.6872 us/op
WorkloadActual   3: 1024 op, 501943000.00 ns, 490.1787 us/op
WorkloadActual   4: 1024 op, 501426600.00 ns, 489.6744 us/op

// AfterActualRun
WorkloadResult   1: 1024 op, 509418300.00 ns, 497.4788 us/op
WorkloadResult   2: 1024 op, 509629800.00 ns, 497.6854 us/op
WorkloadResult   3: 1024 op, 501941100.00 ns, 490.1769 us/op
WorkloadResult   4: 1024 op, 501424700.00 ns, 489.6726 us/op
// GC:  511 511 511 1760271040 1024
// Threading:  0 0 1024

// AfterAll
// Benchmark Process 26716 has exited with code 0.

Mean = 493.753 μs, StdErr = 2.213 μs (0.45%), N = 4, StdDev = 4.427 μs
Min = 489.673 μs, Q1 = 490.051 μs, Median = 493.828 μs, Q3 = 497.530 μs, Max = 497.685 μs
IQR = 7.480 μs, LowerFence = 478.831 μs, UpperFence = 508.750 μs
ConfidenceInterval = [465.149 μs; 522.358 μs] (CI 99.9%), Margin = 28.605 μs (5.79% of Mean)
Skewness = -0, Kurtosis = 0.57, MValue = 2

// ** Remained 13 (36.1%) benchmark(s) to run. Estimated finish 2026-09-25 13:44 (0h 1m from now) **
Setup power plan (GUID: 8c5e7fda-e8bf-4a96-9a85-a6e23a8c635c FriendlyName: High performance)
// **************************
// Benchmark: PostStreamingBench.Streaming: Job-KULIUI(Runtime=.NET 10.0, IterationCount=4, WarmupCount=1) [Size=262144, Shape=normal]
// *** Execute ***
// Launch: 1 / 1
// Execute: dotnet VectorNNTP.NNTPD.PostAllocBench-1.dll --anonymousPipes 2932 35616 --benchmarkName "VectorNNTP.NNTPD.PostAllocBench.PostStreamingBench.Streaming(Size: 262144, Shape: \"normal\")" --job "Runtime=.NET 10.0, IterationCount=4, WarmupCount=1" --benchmarkId 23 in C:\Users\chrisk\source\repos\Usenet.ninja\VectorNNTP\tools\VectorNNTP.NNTPD.PostAllocBench\bin\Release\net10.0\VectorNNTP.NNTPD.PostAllocBench-1\bin\Release\net10.0
// BeforeAnythingElse

// Benchmark Process Environment Information:
// BenchmarkDotNet v0.15.2
// Runtime=.NET 10.0.12 (10.0.1226.42308), X64 RyuJIT AVX2
// GC=Concurrent Workstation
// HardwareIntrinsics=AVX2,AES,BMI1,BMI2,FMA,LZCNT,PCLMUL,POPCNT,AvxVnni,SERIALIZE VectorSize=256
// Job: Job-EATLBP(IterationCount=4, WarmupCount=1)

OverheadJitting  1: 1 op, 146000.00 ns, 146.0000 us/op
WorkloadJitting  1: 1 op, 15309800.00 ns, 15.3098 ms/op

OverheadJitting  2: 16 op, 290200.00 ns, 18.1375 us/op
WorkloadJitting  2: 16 op, 3900100.00 ns, 243.7563 us/op

WorkloadPilot    1: 16 op, 3218200.00 ns, 201.1375 us/op
WorkloadPilot    2: 32 op, 6917600.00 ns, 216.1750 us/op
WorkloadPilot    3: 64 op, 14058600.00 ns, 219.6656 us/op
WorkloadPilot    4: 128 op, 29016900.00 ns, 226.6945 us/op
WorkloadPilot    5: 256 op, 56962100.00 ns, 222.5082 us/op
WorkloadPilot    6: 512 op, 114134900.00 ns, 222.9197 us/op
WorkloadPilot    7: 1024 op, 230036500.00 ns, 224.6450 us/op
WorkloadPilot    8: 2048 op, 402568200.00 ns, 196.5665 us/op
WorkloadPilot    9: 4096 op, 726051400.00 ns, 177.2586 us/op

OverheadWarmup   1: 4096 op, 7500.00 ns, 1.8311 ns/op
OverheadWarmup   2: 4096 op, 6500.00 ns, 1.5869 ns/op
OverheadWarmup   3: 4096 op, 6500.00 ns, 1.5869 ns/op
OverheadWarmup   4: 4096 op, 6600.00 ns, 1.6113 ns/op
OverheadWarmup   5: 4096 op, 6500.00 ns, 1.5869 ns/op
OverheadWarmup   6: 4096 op, 6500.00 ns, 1.5869 ns/op

OverheadActual   1: 4096 op, 6500.00 ns, 1.5869 ns/op
OverheadActual   2: 4096 op, 6500.00 ns, 1.5869 ns/op
OverheadActual   3: 4096 op, 6500.00 ns, 1.5869 ns/op
OverheadActual   4: 4096 op, 6500.00 ns, 1.5869 ns/op
OverheadActual   5: 4096 op, 6500.00 ns, 1.5869 ns/op
OverheadActual   6: 4096 op, 6500.00 ns, 1.5869 ns/op
OverheadActual   7: 4096 op, 6600.00 ns, 1.6113 ns/op
OverheadActual   8: 4096 op, 6500.00 ns, 1.5869 ns/op
OverheadActual   9: 4096 op, 6500.00 ns, 1.5869 ns/op
OverheadActual  10: 4096 op, 6600.00 ns, 1.6113 ns/op
OverheadActual  11: 4096 op, 7100.00 ns, 1.7334 ns/op
OverheadActual  12: 4096 op, 6500.00 ns, 1.5869 ns/op
OverheadActual  13: 4096 op, 6500.00 ns, 1.5869 ns/op
OverheadActual  14: 4096 op, 6500.00 ns, 1.5869 ns/op
OverheadActual  15: 4096 op, 6500.00 ns, 1.5869 ns/op

WorkloadWarmup   1: 4096 op, 727823700.00 ns, 177.6913 us/op

// BeforeActualRun
WorkloadActual   1: 4096 op, 717093600.00 ns, 175.0717 us/op
WorkloadActual   2: 4096 op, 715030400.00 ns, 174.5680 us/op
WorkloadActual   3: 4096 op, 714287600.00 ns, 174.3866 us/op
WorkloadActual   4: 4096 op, 715884100.00 ns, 174.7764 us/op

// AfterActualRun
WorkloadResult   1: 4096 op, 717087100.00 ns, 175.0701 us/op
WorkloadResult   2: 4096 op, 715023900.00 ns, 174.5664 us/op
WorkloadResult   3: 4096 op, 714281100.00 ns, 174.3850 us/op
WorkloadResult   4: 4096 op, 715877600.00 ns, 174.7748 us/op
// GC:  1170 1170 1170 4076371776 4096
// Threading:  0 0 4096

// AfterAll
// Benchmark Process 29600 has exited with code 0.

Mean = 174.699 μs, StdErr = 0.147 μs (0.08%), N = 4, StdDev = 0.294 μs
Min = 174.385 μs, Q1 = 174.521 μs, Median = 174.671 μs, Q3 = 174.849 μs, Max = 175.070 μs
IQR = 0.328 μs, LowerFence = 174.030 μs, UpperFence = 175.340 μs
ConfidenceInterval = [172.798 μs; 176.600 μs] (CI 99.9%), Margin = 1.901 μs (1.09% of Mean)
Skewness = 0.18, Kurtosis = 0.97, MValue = 2

// ** Remained 12 (33.3%) benchmark(s) to run. Estimated finish 2026-09-25 13:44 (0h 1m from now) **
Setup power plan (GUID: 8c5e7fda-e8bf-4a96-9a85-a6e23a8c635c FriendlyName: High performance)
// **************************
// Benchmark: PostStreamingBench.Legacy: Job-KULIUI(Runtime=.NET 10.0, IterationCount=4, WarmupCount=1) [Size=1048576, Shape=dot-leading]
// *** Execute ***
// Launch: 1 / 1
// Execute: dotnet VectorNNTP.NNTPD.PostAllocBench-1.dll --anonymousPipes 35668 37056 --benchmarkName "VectorNNTP.NNTPD.PostAllocBench.PostStreamingBench.Legacy(Size: 1048576, Shape: \"dot-leading\")" --job "Runtime=.NET 10.0, IterationCount=4, WarmupCount=1" --benchmarkId 24 in C:\Users\chrisk\source\repos\Usenet.ninja\VectorNNTP\tools\VectorNNTP.NNTPD.PostAllocBench\bin\Release\net10.0\VectorNNTP.NNTPD.PostAllocBench-1\bin\Release\net10.0
// BeforeAnythingElse

// Benchmark Process Environment Information:
// BenchmarkDotNet v0.15.2
// Runtime=.NET 10.0.12 (10.0.1226.42308), X64 RyuJIT AVX2
// GC=Concurrent Workstation
// HardwareIntrinsics=AVX2,AES,BMI1,BMI2,FMA,LZCNT,PCLMUL,POPCNT,AvxVnni,SERIALIZE VectorSize=256
// Job: Job-EATLBP(IterationCount=4, WarmupCount=1)

OverheadJitting  1: 1 op, 142300.00 ns, 142.3000 us/op
WorkloadJitting  1: 1 op, 74888800.00 ns, 74.8888 ms/op

WorkloadPilot    1: 2 op, 87258700.00 ns, 43.6294 ms/op
WorkloadPilot    2: 3 op, 130579100.00 ns, 43.5264 ms/op
WorkloadPilot    3: 4 op, 81450700.00 ns, 20.3627 ms/op
WorkloadPilot    4: 5 op, 35147400.00 ns, 7.0295 ms/op
WorkloadPilot    5: 6 op, 41265200.00 ns, 6.8775 ms/op
WorkloadPilot    6: 7 op, 48165400.00 ns, 6.8808 ms/op
WorkloadPilot    7: 8 op, 52460500.00 ns, 6.5576 ms/op
WorkloadPilot    8: 9 op, 59051200.00 ns, 6.5612 ms/op
WorkloadPilot    9: 10 op, 65468400.00 ns, 6.5468 ms/op
WorkloadPilot   10: 11 op, 71708400.00 ns, 6.5189 ms/op
WorkloadPilot   11: 12 op, 78704000.00 ns, 6.5587 ms/op
WorkloadPilot   12: 13 op, 84860900.00 ns, 6.5278 ms/op
WorkloadPilot   13: 14 op, 110243400.00 ns, 7.8745 ms/op
WorkloadPilot   14: 15 op, 107034700.00 ns, 7.1356 ms/op
WorkloadPilot   15: 16 op, 115227300.00 ns, 7.2017 ms/op
WorkloadPilot   16: 32 op, 217507200.00 ns, 6.7971 ms/op
WorkloadPilot   17: 64 op, 419649800.00 ns, 6.5570 ms/op
WorkloadPilot   18: 128 op, 838121100.00 ns, 6.5478 ms/op

WorkloadWarmup   1: 128 op, 840685100.00 ns, 6.5679 ms/op

// BeforeActualRun
WorkloadActual   1: 128 op, 841213300.00 ns, 6.5720 ms/op
WorkloadActual   2: 128 op, 840198500.00 ns, 6.5641 ms/op
WorkloadActual   3: 128 op, 838847000.00 ns, 6.5535 ms/op
WorkloadActual   4: 128 op, 839159900.00 ns, 6.5559 ms/op

// AfterActualRun
WorkloadResult   1: 128 op, 841213300.00 ns, 6.5720 ms/op
WorkloadResult   2: 128 op, 840198500.00 ns, 6.5641 ms/op
WorkloadResult   3: 128 op, 838847000.00 ns, 6.5535 ms/op
WorkloadResult   4: 128 op, 839159900.00 ns, 6.5559 ms/op
// GC:  98 98 98 962883600 128
// Threading:  0 0 128

// AfterAll
// Benchmark Process 25912 has exited with code 0.

Mean = 6.561 ms, StdErr = 0.004 ms (0.06%), N = 4, StdDev = 0.008 ms
Min = 6.553 ms, Q1 = 6.555 ms, Median = 6.560 ms, Q3 = 6.566 ms, Max = 6.572 ms
IQR = 0.011 ms, LowerFence = 6.539 ms, UpperFence = 6.582 ms
ConfidenceInterval = [6.507 ms; 6.616 ms] (CI 99.9%), Margin = 0.054 ms (0.83% of Mean)
Skewness = 0.24, Kurtosis = 0.88, MValue = 2

// ** Remained 11 (30.6%) benchmark(s) to run. Estimated finish 2026-09-25 13:44 (0h 1m from now) **
Setup power plan (GUID: 8c5e7fda-e8bf-4a96-9a85-a6e23a8c635c FriendlyName: High performance)
// **************************
// Benchmark: PostStreamingBench.Streaming: Job-KULIUI(Runtime=.NET 10.0, IterationCount=4, WarmupCount=1) [Size=1048576, Shape=dot-leading]
// *** Execute ***
// Launch: 1 / 1
// Execute: dotnet VectorNNTP.NNTPD.PostAllocBench-1.dll --anonymousPipes 3776 37064 --benchmarkName "VectorNNTP.NNTPD.PostAllocBench.PostStreamingBench.Streaming(Size: 1048576, Shape: \"dot-leading\")" --job "Runtime=.NET 10.0, IterationCount=4, WarmupCount=1" --benchmarkId 25 in C:\Users\chrisk\source\repos\Usenet.ninja\VectorNNTP\tools\VectorNNTP.NNTPD.PostAllocBench\bin\Release\net10.0\VectorNNTP.NNTPD.PostAllocBench-1\bin\Release\net10.0
// BeforeAnythingElse

// Benchmark Process Environment Information:
// BenchmarkDotNet v0.15.2
// Runtime=.NET 10.0.12 (10.0.1226.42308), X64 RyuJIT AVX2
// GC=Concurrent Workstation
// HardwareIntrinsics=AVX2,AES,BMI1,BMI2,FMA,LZCNT,PCLMUL,POPCNT,AvxVnni,SERIALIZE VectorSize=256
// Job: Job-EATLBP(IterationCount=4, WarmupCount=1)

OverheadJitting  1: 1 op, 203000.00 ns, 203.0000 us/op
WorkloadJitting  1: 1 op, 71655800.00 ns, 71.6558 ms/op

WorkloadPilot    1: 2 op, 81927500.00 ns, 40.9638 ms/op
WorkloadPilot    2: 3 op, 122401400.00 ns, 40.8005 ms/op
WorkloadPilot    3: 4 op, 83421300.00 ns, 20.8553 ms/op
WorkloadPilot    4: 5 op, 20765100.00 ns, 4.1530 ms/op
WorkloadPilot    5: 6 op, 24356400.00 ns, 4.0594 ms/op
WorkloadPilot    6: 7 op, 29141200.00 ns, 4.1630 ms/op
WorkloadPilot    7: 8 op, 32559400.00 ns, 4.0699 ms/op
WorkloadPilot    8: 9 op, 36021700.00 ns, 4.0024 ms/op
WorkloadPilot    9: 10 op, 39488400.00 ns, 3.9488 ms/op
WorkloadPilot   10: 11 op, 42493400.00 ns, 3.8630 ms/op
WorkloadPilot   11: 12 op, 46622300.00 ns, 3.8852 ms/op
WorkloadPilot   12: 13 op, 50156000.00 ns, 3.8582 ms/op
WorkloadPilot   13: 14 op, 53910600.00 ns, 3.8508 ms/op
WorkloadPilot   14: 15 op, 61836700.00 ns, 4.1224 ms/op
WorkloadPilot   15: 16 op, 54601600.00 ns, 3.4126 ms/op
WorkloadPilot   16: 32 op, 109728900.00 ns, 3.4290 ms/op
WorkloadPilot   17: 64 op, 208277600.00 ns, 3.2543 ms/op
WorkloadPilot   18: 128 op, 414372100.00 ns, 3.2373 ms/op
WorkloadPilot   19: 256 op, 825298000.00 ns, 3.2238 ms/op

WorkloadWarmup   1: 256 op, 846966100.00 ns, 3.3085 ms/op

// BeforeActualRun
WorkloadActual   1: 256 op, 830296300.00 ns, 3.2433 ms/op
WorkloadActual   2: 256 op, 823704900.00 ns, 3.2176 ms/op
WorkloadActual   3: 256 op, 807154000.00 ns, 3.1529 ms/op
WorkloadActual   4: 256 op, 813083100.00 ns, 3.1761 ms/op

// AfterActualRun
WorkloadResult   1: 256 op, 830296300.00 ns, 3.2433 ms/op
WorkloadResult   2: 256 op, 823704900.00 ns, 3.2176 ms/op
WorkloadResult   3: 256 op, 807154000.00 ns, 3.1529 ms/op
WorkloadResult   4: 256 op, 813083100.00 ns, 3.1761 ms/op
// GC:  256 255 255 1066075040 256
// Threading:  0 0 256

// AfterAll
// Benchmark Process 33924 has exited with code 0.

Mean = 3.197 ms, StdErr = 0.020 ms (0.64%), N = 4, StdDev = 0.041 ms
Min = 3.153 ms, Q1 = 3.170 ms, Median = 3.197 ms, Q3 = 3.224 ms, Max = 3.243 ms
IQR = 0.054 ms, LowerFence = 3.090 ms, UpperFence = 3.305 ms
ConfidenceInterval = [2.935 ms; 3.460 ms] (CI 99.9%), Margin = 0.262 ms (8.21% of Mean)
Skewness = 0.02, Kurtosis = 0.8, MValue = 2

// ** Remained 10 (27.8%) benchmark(s) to run. Estimated finish 2026-09-25 13:44 (0h 1m from now) **
Setup power plan (GUID: 8c5e7fda-e8bf-4a96-9a85-a6e23a8c635c FriendlyName: High performance)
// **************************
// Benchmark: PostStreamingBench.Legacy: Job-KULIUI(Runtime=.NET 10.0, IterationCount=4, WarmupCount=1) [Size=1048576, Shape=multi-header]
// *** Execute ***
// Launch: 1 / 1
// Execute: dotnet VectorNNTP.NNTPD.PostAllocBench-1.dll --anonymousPipes 36972 37092 --benchmarkName "VectorNNTP.NNTPD.PostAllocBench.PostStreamingBench.Legacy(Size: 1048576, Shape: \"multi-header\")" --job "Runtime=.NET 10.0, IterationCount=4, WarmupCount=1" --benchmarkId 26 in C:\Users\chrisk\source\repos\Usenet.ninja\VectorNNTP\tools\VectorNNTP.NNTPD.PostAllocBench\bin\Release\net10.0\VectorNNTP.NNTPD.PostAllocBench-1\bin\Release\net10.0
// BeforeAnythingElse

// Benchmark Process Environment Information:
// BenchmarkDotNet v0.15.2
// Runtime=.NET 10.0.12 (10.0.1226.42308), X64 RyuJIT AVX2
// GC=Concurrent Workstation
// HardwareIntrinsics=AVX2,AES,BMI1,BMI2,FMA,LZCNT,PCLMUL,POPCNT,AvxVnni,SERIALIZE VectorSize=256
// Job: Job-EATLBP(IterationCount=4, WarmupCount=1)

OverheadJitting  1: 1 op, 166400.00 ns, 166.4000 us/op
WorkloadJitting  1: 1 op, 19146900.00 ns, 19.1469 ms/op

OverheadJitting  2: 16 op, 352400.00 ns, 22.0250 us/op
WorkloadJitting  2: 16 op, 29821900.00 ns, 1.8639 ms/op

WorkloadPilot    1: 16 op, 30375500.00 ns, 1.8985 ms/op
WorkloadPilot    2: 32 op, 63292200.00 ns, 1.9779 ms/op
WorkloadPilot    3: 64 op, 129473800.00 ns, 2.0230 ms/op
WorkloadPilot    4: 128 op, 265213100.00 ns, 2.0720 ms/op
WorkloadPilot    5: 256 op, 483890200.00 ns, 1.8902 ms/op
WorkloadPilot    6: 512 op, 919628000.00 ns, 1.7961 ms/op

OverheadWarmup   1: 512 op, 2400.00 ns, 4.6875 ns/op
OverheadWarmup   2: 512 op, 1200.00 ns, 2.3438 ns/op
OverheadWarmup   3: 512 op, 1200.00 ns, 2.3438 ns/op
OverheadWarmup   4: 512 op, 1100.00 ns, 2.1484 ns/op
OverheadWarmup   5: 512 op, 1100.00 ns, 2.1484 ns/op
OverheadWarmup   6: 512 op, 1100.00 ns, 2.1484 ns/op

OverheadActual   1: 512 op, 1200.00 ns, 2.3438 ns/op
OverheadActual   2: 512 op, 1100.00 ns, 2.1484 ns/op
OverheadActual   3: 512 op, 1200.00 ns, 2.3438 ns/op
OverheadActual   4: 512 op, 1200.00 ns, 2.3438 ns/op
OverheadActual   5: 512 op, 1100.00 ns, 2.1484 ns/op
OverheadActual   6: 512 op, 1200.00 ns, 2.3438 ns/op
OverheadActual   7: 512 op, 1400.00 ns, 2.7344 ns/op
OverheadActual   8: 512 op, 1100.00 ns, 2.1484 ns/op
OverheadActual   9: 512 op, 1100.00 ns, 2.1484 ns/op
OverheadActual  10: 512 op, 1000.00 ns, 1.9531 ns/op
OverheadActual  11: 512 op, 1000.00 ns, 1.9531 ns/op
OverheadActual  12: 512 op, 1000.00 ns, 1.9531 ns/op
OverheadActual  13: 512 op, 1100.00 ns, 2.1484 ns/op
OverheadActual  14: 512 op, 1100.00 ns, 2.1484 ns/op
OverheadActual  15: 512 op, 1200.00 ns, 2.3438 ns/op
OverheadActual  16: 512 op, 1100.00 ns, 2.1484 ns/op
OverheadActual  17: 512 op, 1200.00 ns, 2.3438 ns/op
OverheadActual  18: 512 op, 1100.00 ns, 2.1484 ns/op
OverheadActual  19: 512 op, 1200.00 ns, 2.3438 ns/op
OverheadActual  20: 512 op, 1200.00 ns, 2.3438 ns/op

WorkloadWarmup   1: 512 op, 945649100.00 ns, 1.8470 ms/op

// BeforeActualRun
WorkloadActual   1: 512 op, 851018500.00 ns, 1.6621 ms/op
WorkloadActual   2: 512 op, 835136700.00 ns, 1.6311 ms/op
WorkloadActual   3: 512 op, 824070500.00 ns, 1.6095 ms/op
WorkloadActual   4: 512 op, 846308100.00 ns, 1.6529 ms/op

// AfterActualRun
WorkloadResult   1: 512 op, 851017400.00 ns, 1.6621 ms/op
WorkloadResult   2: 512 op, 835135600.00 ns, 1.6311 ms/op
WorkloadResult   3: 512 op, 824069400.00 ns, 1.6095 ms/op
WorkloadResult   4: 512 op, 846307000.00 ns, 1.6529 ms/op
// GC:  234 231 231 3307609840 512
// Threading:  0 0 512

// AfterAll
// Benchmark Process 22472 has exited with code 0.

Mean = 1.639 ms, StdErr = 0.012 ms (0.72%), N = 4, StdDev = 0.024 ms
Min = 1.610 ms, Q1 = 1.626 ms, Median = 1.642 ms, Q3 = 1.655 ms, Max = 1.662 ms
IQR = 0.030 ms, LowerFence = 1.581 ms, UpperFence = 1.700 ms
ConfidenceInterval = [1.487 ms; 1.791 ms] (CI 99.9%), Margin = 0.152 ms (9.28% of Mean)
Skewness = -0.2, Kurtosis = 0.88, MValue = 2

// ** Remained 9 (25.0%) benchmark(s) to run. Estimated finish 2026-09-25 13:44 (0h 1m from now) **
Setup power plan (GUID: 8c5e7fda-e8bf-4a96-9a85-a6e23a8c635c FriendlyName: High performance)
// **************************
// Benchmark: PostStreamingBench.Streaming: Job-KULIUI(Runtime=.NET 10.0, IterationCount=4, WarmupCount=1) [Size=1048576, Shape=multi-header]
// *** Execute ***
// Launch: 1 / 1
// Execute: dotnet VectorNNTP.NNTPD.PostAllocBench-1.dll --anonymousPipes 40320 1568 --benchmarkName "VectorNNTP.NNTPD.PostAllocBench.PostStreamingBench.Streaming(Size: 1048576, Shape: \"multi-header\")" --job "Runtime=.NET 10.0, IterationCount=4, WarmupCount=1" --benchmarkId 27 in C:\Users\chrisk\source\repos\Usenet.ninja\VectorNNTP\tools\VectorNNTP.NNTPD.PostAllocBench\bin\Release\net10.0\VectorNNTP.NNTPD.PostAllocBench-1\bin\Release\net10.0
// BeforeAnythingElse

// Benchmark Process Environment Information:
// BenchmarkDotNet v0.15.2
// Runtime=.NET 10.0.12 (10.0.1226.42308), X64 RyuJIT AVX2
// GC=Concurrent Workstation
// HardwareIntrinsics=AVX2,AES,BMI1,BMI2,FMA,LZCNT,PCLMUL,POPCNT,AvxVnni,SERIALIZE VectorSize=256
// Job: Job-EATLBP(IterationCount=4, WarmupCount=1)

OverheadJitting  1: 1 op, 168500.00 ns, 168.5000 us/op
WorkloadJitting  1: 1 op, 16799600.00 ns, 16.7996 ms/op

OverheadJitting  2: 16 op, 265500.00 ns, 16.5938 us/op
WorkloadJitting  2: 16 op, 9941200.00 ns, 621.3250 us/op

WorkloadPilot    1: 16 op, 12076700.00 ns, 754.7938 us/op
WorkloadPilot    2: 32 op, 18402600.00 ns, 575.0813 us/op
WorkloadPilot    3: 64 op, 34577800.00 ns, 540.2781 us/op
WorkloadPilot    4: 128 op, 69586100.00 ns, 543.6414 us/op
WorkloadPilot    5: 256 op, 140174500.00 ns, 547.5566 us/op
WorkloadPilot    6: 512 op, 269559200.00 ns, 526.4828 us/op
WorkloadPilot    7: 1024 op, 493660500.00 ns, 482.0903 us/op
WorkloadPilot    8: 2048 op, 807239800.00 ns, 394.1601 us/op

OverheadWarmup   1: 2048 op, 4600.00 ns, 2.2461 ns/op
OverheadWarmup   2: 2048 op, 3600.00 ns, 1.7578 ns/op
OverheadWarmup   3: 2048 op, 3500.00 ns, 1.7090 ns/op
OverheadWarmup   4: 2048 op, 3600.00 ns, 1.7578 ns/op
OverheadWarmup   5: 2048 op, 3600.00 ns, 1.7578 ns/op
OverheadWarmup   6: 2048 op, 3500.00 ns, 1.7090 ns/op
OverheadWarmup   7: 2048 op, 3500.00 ns, 1.7090 ns/op

OverheadActual   1: 2048 op, 3500.00 ns, 1.7090 ns/op
OverheadActual   2: 2048 op, 3600.00 ns, 1.7578 ns/op
OverheadActual   3: 2048 op, 3500.00 ns, 1.7090 ns/op
OverheadActual   4: 2048 op, 3500.00 ns, 1.7090 ns/op
OverheadActual   5: 2048 op, 3500.00 ns, 1.7090 ns/op
OverheadActual   6: 2048 op, 3700.00 ns, 1.8066 ns/op
OverheadActual   7: 2048 op, 3500.00 ns, 1.7090 ns/op
OverheadActual   8: 2048 op, 3500.00 ns, 1.7090 ns/op
OverheadActual   9: 2048 op, 3400.00 ns, 1.6602 ns/op
OverheadActual  10: 2048 op, 3500.00 ns, 1.7090 ns/op
OverheadActual  11: 2048 op, 3500.00 ns, 1.7090 ns/op
OverheadActual  12: 2048 op, 3400.00 ns, 1.6602 ns/op
OverheadActual  13: 2048 op, 3500.00 ns, 1.7090 ns/op
OverheadActual  14: 2048 op, 3400.00 ns, 1.6602 ns/op
OverheadActual  15: 2048 op, 3400.00 ns, 1.6602 ns/op

WorkloadWarmup   1: 2048 op, 845262400.00 ns, 412.7258 us/op

// BeforeActualRun
WorkloadActual   1: 2048 op, 820155800.00 ns, 400.4667 us/op
WorkloadActual   2: 2048 op, 815525100.00 ns, 398.2056 us/op
WorkloadActual   3: 2048 op, 796281800.00 ns, 388.8095 us/op
WorkloadActual   4: 2048 op, 808742900.00 ns, 394.8940 us/op

// AfterActualRun
WorkloadResult   1: 2048 op, 820152300.00 ns, 400.4650 us/op
WorkloadResult   2: 2048 op, 815521600.00 ns, 398.2039 us/op
WorkloadResult   3: 2048 op, 796278300.00 ns, 388.8078 us/op
WorkloadResult   4: 2048 op, 808739400.00 ns, 394.8923 us/op
// GC:  1377 1365 1363 8527189904 2048
// Threading:  0 0 2048

// AfterAll
// Benchmark Process 36192 has exited with code 0.

Mean = 395.592 μs, StdErr = 2.534 μs (0.64%), N = 4, StdDev = 5.069 μs
Min = 388.808 μs, Q1 = 393.371 μs, Median = 396.548 μs, Q3 = 398.769 μs, Max = 400.465 μs
IQR = 5.398 μs, LowerFence = 385.274 μs, UpperFence = 406.866 μs
ConfidenceInterval = [362.837 μs; 428.348 μs] (CI 99.9%), Margin = 32.756 μs (8.28% of Mean)
Skewness = -0.34, Kurtosis = 1.03, MValue = 2

// ** Remained 8 (22.2%) benchmark(s) to run. Estimated finish 2026-09-25 13:44 (0h 0m from now) **
Setup power plan (GUID: 8c5e7fda-e8bf-4a96-9a85-a6e23a8c635c FriendlyName: High performance)
// **************************
// Benchmark: PostStreamingBench.Legacy: Job-KULIUI(Runtime=.NET 10.0, IterationCount=4, WarmupCount=1) [Size=1048576, Shape=normal]
// *** Execute ***
// Launch: 1 / 1
// Execute: dotnet VectorNNTP.NNTPD.PostAllocBench-1.dll --anonymousPipes 3048 33812 --benchmarkName "VectorNNTP.NNTPD.PostAllocBench.PostStreamingBench.Legacy(Size: 1048576, Shape: \"normal\")" --job "Runtime=.NET 10.0, IterationCount=4, WarmupCount=1" --benchmarkId 28 in C:\Users\chrisk\source\repos\Usenet.ninja\VectorNNTP\tools\VectorNNTP.NNTPD.PostAllocBench\bin\Release\net10.0\VectorNNTP.NNTPD.PostAllocBench-1\bin\Release\net10.0
// BeforeAnythingElse

// Benchmark Process Environment Information:
// BenchmarkDotNet v0.15.2
// Runtime=.NET 10.0.12 (10.0.1226.42308), X64 RyuJIT AVX2
// GC=Concurrent Workstation
// HardwareIntrinsics=AVX2,AES,BMI1,BMI2,FMA,LZCNT,PCLMUL,POPCNT,AvxVnni,SERIALIZE VectorSize=256
// Job: Job-EATLBP(IterationCount=4, WarmupCount=1)

OverheadJitting  1: 1 op, 143500.00 ns, 143.5000 us/op
WorkloadJitting  1: 1 op, 19323100.00 ns, 19.3231 ms/op

OverheadJitting  2: 16 op, 282100.00 ns, 17.6313 us/op
WorkloadJitting  2: 16 op, 32213400.00 ns, 2.0133 ms/op

WorkloadPilot    1: 16 op, 30019900.00 ns, 1.8762 ms/op
WorkloadPilot    2: 32 op, 61779500.00 ns, 1.9306 ms/op
WorkloadPilot    3: 64 op, 131363900.00 ns, 2.0526 ms/op
WorkloadPilot    4: 128 op, 270799300.00 ns, 2.1156 ms/op
WorkloadPilot    5: 256 op, 471667300.00 ns, 1.8425 ms/op
WorkloadPilot    6: 512 op, 866135600.00 ns, 1.6917 ms/op

OverheadWarmup   1: 512 op, 2300.00 ns, 4.4922 ns/op
OverheadWarmup   2: 512 op, 1300.00 ns, 2.5391 ns/op
OverheadWarmup   3: 512 op, 1100.00 ns, 2.1484 ns/op
OverheadWarmup   4: 512 op, 1100.00 ns, 2.1484 ns/op
OverheadWarmup   5: 512 op, 1100.00 ns, 2.1484 ns/op
OverheadWarmup   6: 512 op, 1200.00 ns, 2.3438 ns/op
OverheadWarmup   7: 512 op, 1100.00 ns, 2.1484 ns/op

OverheadActual   1: 512 op, 1200.00 ns, 2.3438 ns/op
OverheadActual   2: 512 op, 1200.00 ns, 2.3438 ns/op
OverheadActual   3: 512 op, 1200.00 ns, 2.3438 ns/op
OverheadActual   4: 512 op, 1900.00 ns, 3.7109 ns/op
OverheadActual   5: 512 op, 1200.00 ns, 2.3438 ns/op
OverheadActual   6: 512 op, 1200.00 ns, 2.3438 ns/op
OverheadActual   7: 512 op, 1100.00 ns, 2.1484 ns/op
OverheadActual   8: 512 op, 1100.00 ns, 2.1484 ns/op
OverheadActual   9: 512 op, 1200.00 ns, 2.3438 ns/op
OverheadActual  10: 512 op, 1200.00 ns, 2.3438 ns/op
OverheadActual  11: 512 op, 1200.00 ns, 2.3438 ns/op
OverheadActual  12: 512 op, 1100.00 ns, 2.1484 ns/op
OverheadActual  13: 512 op, 1100.00 ns, 2.1484 ns/op
OverheadActual  14: 512 op, 1200.00 ns, 2.3438 ns/op
OverheadActual  15: 512 op, 1100.00 ns, 2.1484 ns/op

WorkloadWarmup   1: 512 op, 933601800.00 ns, 1.8234 ms/op

// BeforeActualRun
WorkloadActual   1: 512 op, 888174700.00 ns, 1.7347 ms/op
WorkloadActual   2: 512 op, 894287200.00 ns, 1.7467 ms/op
WorkloadActual   3: 512 op, 923194000.00 ns, 1.8031 ms/op
WorkloadActual   4: 512 op, 1474831100.00 ns, 2.8805 ms/op

// AfterActualRun
WorkloadResult   1: 512 op, 888173500.00 ns, 1.7347 ms/op
WorkloadResult   2: 512 op, 894286000.00 ns, 1.7467 ms/op
WorkloadResult   3: 512 op, 923192800.00 ns, 1.8031 ms/op
// GC:  258 255 255 3307059168 512
// Threading:  0 0 512

// AfterAll
// Benchmark Process 23312 has exited with code 0.

Mean = 1.761 ms, StdErr = 0.021 ms (1.20%), N = 3, StdDev = 0.037 ms
Min = 1.735 ms, Q1 = 1.741 ms, Median = 1.747 ms, Q3 = 1.775 ms, Max = 1.803 ms
IQR = 0.034 ms, LowerFence = 1.689 ms, UpperFence = 1.826 ms
ConfidenceInterval = [1.095 ms; 2.428 ms] (CI 99.9%), Margin = 0.667 ms (37.84% of Mean)
Skewness = 0.34, Kurtosis = 0.67, MValue = 2

// ** Remained 7 (19.4%) benchmark(s) to run. Estimated finish 2026-09-25 13:44 (0h 0m from now) **
Setup power plan (GUID: 8c5e7fda-e8bf-4a96-9a85-a6e23a8c635c FriendlyName: High performance)
// **************************
// Benchmark: PostStreamingBench.Streaming: Job-KULIUI(Runtime=.NET 10.0, IterationCount=4, WarmupCount=1) [Size=1048576, Shape=normal]
// *** Execute ***
// Launch: 1 / 1
// Execute: dotnet VectorNNTP.NNTPD.PostAllocBench-1.dll --anonymousPipes 3016 1444 --benchmarkName "VectorNNTP.NNTPD.PostAllocBench.PostStreamingBench.Streaming(Size: 1048576, Shape: \"normal\")" --job "Runtime=.NET 10.0, IterationCount=4, WarmupCount=1" --benchmarkId 29 in C:\Users\chrisk\source\repos\Usenet.ninja\VectorNNTP\tools\VectorNNTP.NNTPD.PostAllocBench\bin\Release\net10.0\VectorNNTP.NNTPD.PostAllocBench-1\bin\Release\net10.0
// BeforeAnythingElse

// Benchmark Process Environment Information:
// BenchmarkDotNet v0.15.2
// Runtime=.NET 10.0.12 (10.0.1226.42308), X64 RyuJIT AVX2
// GC=Concurrent Workstation
// HardwareIntrinsics=AVX2,AES,BMI1,BMI2,FMA,LZCNT,PCLMUL,POPCNT,AvxVnni,SERIALIZE VectorSize=256
// Job: Job-EATLBP(IterationCount=4, WarmupCount=1)

OverheadJitting  1: 1 op, 156200.00 ns, 156.2000 us/op
WorkloadJitting  1: 1 op, 17568700.00 ns, 17.5687 ms/op

OverheadJitting  2: 16 op, 293400.00 ns, 18.3375 us/op
WorkloadJitting  2: 16 op, 12435200.00 ns, 777.2000 us/op

WorkloadPilot    1: 16 op, 12453400.00 ns, 778.3375 us/op
WorkloadPilot    2: 32 op, 27078900.00 ns, 846.2156 us/op
WorkloadPilot    3: 64 op, 55978800.00 ns, 874.6688 us/op
WorkloadPilot    4: 128 op, 96103000.00 ns, 750.8047 us/op
WorkloadPilot    5: 256 op, 161873000.00 ns, 632.3164 us/op
WorkloadPilot    6: 512 op, 251659000.00 ns, 491.5215 us/op
WorkloadPilot    7: 1024 op, 490275400.00 ns, 478.7846 us/op
WorkloadPilot    8: 2048 op, 926693900.00 ns, 452.4873 us/op

OverheadWarmup   1: 2048 op, 4800.00 ns, 2.3438 ns/op
OverheadWarmup   2: 2048 op, 3600.00 ns, 1.7578 ns/op
OverheadWarmup   3: 2048 op, 3600.00 ns, 1.7578 ns/op
OverheadWarmup   4: 2048 op, 3500.00 ns, 1.7090 ns/op
OverheadWarmup   5: 2048 op, 4800.00 ns, 2.3438 ns/op
OverheadWarmup   6: 2048 op, 3700.00 ns, 1.8066 ns/op

OverheadActual   1: 2048 op, 3600.00 ns, 1.7578 ns/op
OverheadActual   2: 2048 op, 3500.00 ns, 1.7090 ns/op
OverheadActual   3: 2048 op, 3600.00 ns, 1.7578 ns/op
OverheadActual   4: 2048 op, 3600.00 ns, 1.7578 ns/op
OverheadActual   5: 2048 op, 3500.00 ns, 1.7090 ns/op
OverheadActual   6: 2048 op, 3500.00 ns, 1.7090 ns/op
OverheadActual   7: 2048 op, 3500.00 ns, 1.7090 ns/op
OverheadActual   8: 2048 op, 3400.00 ns, 1.6602 ns/op
OverheadActual   9: 2048 op, 3500.00 ns, 1.7090 ns/op
OverheadActual  10: 2048 op, 3400.00 ns, 1.6602 ns/op
OverheadActual  11: 2048 op, 3400.00 ns, 1.6602 ns/op
OverheadActual  12: 2048 op, 3500.00 ns, 1.7090 ns/op
OverheadActual  13: 2048 op, 3400.00 ns, 1.6602 ns/op
OverheadActual  14: 2048 op, 3500.00 ns, 1.7090 ns/op
OverheadActual  15: 2048 op, 3400.00 ns, 1.6602 ns/op

WorkloadWarmup   1: 2048 op, 1061746900.00 ns, 518.4311 us/op

// BeforeActualRun
WorkloadActual   1: 2048 op, 1576976800.00 ns, 770.0082 us/op
WorkloadActual   2: 2048 op, 1609023200.00 ns, 785.6559 us/op
WorkloadActual   3: 2048 op, 1630246800.00 ns, 796.0189 us/op
WorkloadActual   4: 2048 op, 1586995700.00 ns, 774.9002 us/op

// AfterActualRun
WorkloadResult   1: 2048 op, 1576973300.00 ns, 770.0065 us/op
WorkloadResult   2: 2048 op, 1609019700.00 ns, 785.6542 us/op
WorkloadResult   3: 2048 op, 1630243300.00 ns, 796.0172 us/op
WorkloadResult   4: 2048 op, 1586992200.00 ns, 774.8985 us/op
// GC:  1320 1309 1307 8523492656 2048
// Threading:  0 0 2048

// AfterAll
// Benchmark Process 26224 has exited with code 0.

Mean = 781.644 μs, StdErr = 5.799 μs (0.74%), N = 4, StdDev = 11.599 μs
Min = 770.006 μs, Q1 = 773.676 μs, Median = 780.276 μs, Q3 = 788.245 μs, Max = 796.017 μs
IQR = 14.569 μs, LowerFence = 751.821 μs, UpperFence = 810.099 μs
ConfidenceInterval = [706.692 μs; 856.596 μs] (CI 99.9%), Margin = 74.952 μs (9.59% of Mean)
Skewness = 0.18, Kurtosis = 0.88, MValue = 2

// ** Remained 6 (16.7%) benchmark(s) to run. Estimated finish 2026-09-25 13:44 (0h 0m from now) **
Setup power plan (GUID: 8c5e7fda-e8bf-4a96-9a85-a6e23a8c635c FriendlyName: High performance)
// **************************
// Benchmark: PostStreamingBench.Legacy: Job-KULIUI(Runtime=.NET 10.0, IterationCount=4, WarmupCount=1) [Size=5242880, Shape=dot-leading]
// *** Execute ***
// Launch: 1 / 1
// Execute: dotnet VectorNNTP.NNTPD.PostAllocBench-1.dll --anonymousPipes 35620 35608 --benchmarkName "VectorNNTP.NNTPD.PostAllocBench.PostStreamingBench.Legacy(Size: 5242880, Shape: \"dot-leading\")" --job "Runtime=.NET 10.0, IterationCount=4, WarmupCount=1" --benchmarkId 30 in C:\Users\chrisk\source\repos\Usenet.ninja\VectorNNTP\tools\VectorNNTP.NNTPD.PostAllocBench\bin\Release\net10.0\VectorNNTP.NNTPD.PostAllocBench-1\bin\Release\net10.0
// BeforeAnythingElse

// Benchmark Process Environment Information:
// BenchmarkDotNet v0.15.2
// Runtime=.NET 10.0.12 (10.0.1226.42308), X64 RyuJIT AVX2
// GC=Concurrent Workstation
// HardwareIntrinsics=AVX2,AES,BMI1,BMI2,FMA,LZCNT,PCLMUL,POPCNT,AvxVnni,SERIALIZE VectorSize=256
// Job: Job-EATLBP(IterationCount=4, WarmupCount=1)

OverheadJitting  1: 1 op, 152700.00 ns, 152.7000 us/op
WorkloadJitting  1: 1 op, 247995600.00 ns, 247.9956 ms/op

WorkloadPilot    1: 2 op, 254220300.00 ns, 127.1102 ms/op
WorkloadPilot    2: 3 op, 122079800.00 ns, 40.6933 ms/op
WorkloadPilot    3: 4 op, 155245700.00 ns, 38.8114 ms/op
WorkloadPilot    4: 5 op, 169417800.00 ns, 33.8836 ms/op
WorkloadPilot    5: 6 op, 211373700.00 ns, 35.2290 ms/op
WorkloadPilot    6: 7 op, 264807400.00 ns, 37.8296 ms/op
WorkloadPilot    7: 8 op, 305261900.00 ns, 38.1577 ms/op
WorkloadPilot    8: 9 op, 347520500.00 ns, 38.6134 ms/op
WorkloadPilot    9: 10 op, 391574100.00 ns, 39.1574 ms/op
WorkloadPilot   10: 11 op, 424855500.00 ns, 38.6232 ms/op
WorkloadPilot   11: 12 op, 450448700.00 ns, 37.5374 ms/op
WorkloadPilot   12: 13 op, 436983600.00 ns, 33.6141 ms/op
WorkloadPilot   13: 14 op, 480997500.00 ns, 34.3570 ms/op
WorkloadPilot   14: 15 op, 489442100.00 ns, 32.6295 ms/op
WorkloadPilot   15: 16 op, 535523800.00 ns, 33.4702 ms/op

WorkloadWarmup   1: 16 op, 530531700.00 ns, 33.1582 ms/op

// BeforeActualRun
WorkloadActual   1: 16 op, 542269000.00 ns, 33.8918 ms/op
WorkloadActual   2: 16 op, 547841900.00 ns, 34.2401 ms/op
WorkloadActual   3: 16 op, 537089500.00 ns, 33.5681 ms/op
WorkloadActual   4: 16 op, 547427700.00 ns, 34.2142 ms/op

// AfterActualRun
WorkloadResult   1: 16 op, 542269000.00 ns, 33.8918 ms/op
WorkloadResult   2: 16 op, 547841900.00 ns, 34.2401 ms/op
WorkloadResult   3: 16 op, 537089500.00 ns, 33.5681 ms/op
WorkloadResult   4: 16 op, 547427700.00 ns, 34.2142 ms/op
// GC:  17 16 15 748071040 16
// Threading:  0 0 16

// AfterAll
// Benchmark Process 13648 has exited with code 0.

Mean = 33.979 ms, StdErr = 0.158 ms (0.47%), N = 4, StdDev = 0.316 ms
Min = 33.568 ms, Q1 = 33.811 ms, Median = 34.053 ms, Q3 = 34.221 ms, Max = 34.240 ms
IQR = 0.410 ms, LowerFence = 33.196 ms, UpperFence = 34.835 ms
ConfidenceInterval = [31.935 ms; 36.022 ms] (CI 99.9%), Margin = 2.043 ms (6.01% of Mean)
Skewness = -0.31, Kurtosis = 0.91, MValue = 2

// ** Remained 5 (13.9%) benchmark(s) to run. Estimated finish 2026-09-25 13:44 (0h 0m from now) **
Setup power plan (GUID: 8c5e7fda-e8bf-4a96-9a85-a6e23a8c635c FriendlyName: High performance)
// **************************
// Benchmark: PostStreamingBench.Streaming: Job-KULIUI(Runtime=.NET 10.0, IterationCount=4, WarmupCount=1) [Size=5242880, Shape=dot-leading]
// *** Execute ***
// Launch: 1 / 1
// Execute: dotnet VectorNNTP.NNTPD.PostAllocBench-1.dll --anonymousPipes 21544 35576 --benchmarkName "VectorNNTP.NNTPD.PostAllocBench.PostStreamingBench.Streaming(Size: 5242880, Shape: \"dot-leading\")" --job "Runtime=.NET 10.0, IterationCount=4, WarmupCount=1" --benchmarkId 31 in C:\Users\chrisk\source\repos\Usenet.ninja\VectorNNTP\tools\VectorNNTP.NNTPD.PostAllocBench\bin\Release\net10.0\VectorNNTP.NNTPD.PostAllocBench-1\bin\Release\net10.0
// BeforeAnythingElse

// Benchmark Process Environment Information:
// BenchmarkDotNet v0.15.2
// Runtime=.NET 10.0.12 (10.0.1226.42308), X64 RyuJIT AVX2
// GC=Concurrent Workstation
// HardwareIntrinsics=AVX2,AES,BMI1,BMI2,FMA,LZCNT,PCLMUL,POPCNT,AvxVnni,SERIALIZE VectorSize=256
// Job: Job-EATLBP(IterationCount=4, WarmupCount=1)

OverheadJitting  1: 1 op, 381400.00 ns, 381.4000 us/op
WorkloadJitting  1: 1 op, 226178100.00 ns, 226.1781 ms/op

WorkloadPilot    1: 2 op, 151349500.00 ns, 75.6748 ms/op
WorkloadPilot    2: 3 op, 59941200.00 ns, 19.9804 ms/op
WorkloadPilot    3: 4 op, 82089900.00 ns, 20.5225 ms/op
WorkloadPilot    4: 5 op, 100421500.00 ns, 20.0843 ms/op
WorkloadPilot    5: 6 op, 120681400.00 ns, 20.1136 ms/op
WorkloadPilot    6: 7 op, 139930700.00 ns, 19.9901 ms/op
WorkloadPilot    7: 8 op, 165419500.00 ns, 20.6774 ms/op
WorkloadPilot    8: 9 op, 160291100.00 ns, 17.8101 ms/op
WorkloadPilot    9: 10 op, 174122200.00 ns, 17.4122 ms/op
WorkloadPilot   10: 11 op, 194128100.00 ns, 17.6480 ms/op
WorkloadPilot   11: 12 op, 202294200.00 ns, 16.8579 ms/op
WorkloadPilot   12: 13 op, 226484400.00 ns, 17.4219 ms/op
WorkloadPilot   13: 14 op, 243939200.00 ns, 17.4242 ms/op
WorkloadPilot   14: 15 op, 253585200.00 ns, 16.9057 ms/op
WorkloadPilot   15: 16 op, 270902000.00 ns, 16.9314 ms/op
WorkloadPilot   16: 32 op, 521106800.00 ns, 16.2846 ms/op

WorkloadWarmup   1: 32 op, 528531400.00 ns, 16.5166 ms/op

// BeforeActualRun
WorkloadActual   1: 32 op, 523940800.00 ns, 16.3732 ms/op
WorkloadActual   2: 32 op, 528054400.00 ns, 16.5017 ms/op
WorkloadActual   3: 32 op, 524460100.00 ns, 16.3894 ms/op
WorkloadActual   4: 32 op, 525970900.00 ns, 16.4366 ms/op

// AfterActualRun
WorkloadResult   1: 32 op, 523940800.00 ns, 16.3732 ms/op
WorkloadResult   2: 32 op, 528054400.00 ns, 16.5017 ms/op
WorkloadResult   3: 32 op, 524460100.00 ns, 16.3894 ms/op
WorkloadResult   4: 32 op, 525970900.00 ns, 16.4366 ms/op
// GC:  22 21 17 623608840 32
// Threading:  0 0 32

// AfterAll
// Benchmark Process 26256 has exited with code 0.

Mean = 16.425 ms, StdErr = 0.029 ms (0.18%), N = 4, StdDev = 0.058 ms
Min = 16.373 ms, Q1 = 16.385 ms, Median = 16.413 ms, Q3 = 16.453 ms, Max = 16.502 ms
IQR = 0.068 ms, LowerFence = 16.284 ms, UpperFence = 16.554 ms
ConfidenceInterval = [16.053 ms; 16.798 ms] (CI 99.9%), Margin = 0.373 ms (2.27% of Mean)
Skewness = 0.34, Kurtosis = 0.98, MValue = 2

// ** Remained 4 (11.1%) benchmark(s) to run. Estimated finish 2026-09-25 13:44 (0h 0m from now) **
Setup power plan (GUID: 8c5e7fda-e8bf-4a96-9a85-a6e23a8c635c FriendlyName: High performance)
// **************************
// Benchmark: PostStreamingBench.Legacy: Job-KULIUI(Runtime=.NET 10.0, IterationCount=4, WarmupCount=1) [Size=5242880, Shape=multi-header]
// *** Execute ***
// Launch: 1 / 1
// Execute: dotnet VectorNNTP.NNTPD.PostAllocBench-1.dll --anonymousPipes 35596 35516 --benchmarkName "VectorNNTP.NNTPD.PostAllocBench.PostStreamingBench.Legacy(Size: 5242880, Shape: \"multi-header\")" --job "Runtime=.NET 10.0, IterationCount=4, WarmupCount=1" --benchmarkId 32 in C:\Users\chrisk\source\repos\Usenet.ninja\VectorNNTP\tools\VectorNNTP.NNTPD.PostAllocBench\bin\Release\net10.0\VectorNNTP.NNTPD.PostAllocBench-1\bin\Release\net10.0
// BeforeAnythingElse

// Benchmark Process Environment Information:
// BenchmarkDotNet v0.15.2
// Runtime=.NET 10.0.12 (10.0.1226.42308), X64 RyuJIT AVX2
// GC=Concurrent Workstation
// HardwareIntrinsics=AVX2,AES,BMI1,BMI2,FMA,LZCNT,PCLMUL,POPCNT,AvxVnni,SERIALIZE VectorSize=256
// Job: Job-EATLBP(IterationCount=4, WarmupCount=1)

OverheadJitting  1: 1 op, 151400.00 ns, 151.4000 us/op
WorkloadJitting  1: 1 op, 28472900.00 ns, 28.4729 ms/op

OverheadJitting  2: 16 op, 280800.00 ns, 17.5500 us/op
WorkloadJitting  2: 16 op, 165213900.00 ns, 10.3259 ms/op

WorkloadPilot    1: 16 op, 241809300.00 ns, 15.1131 ms/op
WorkloadPilot    2: 32 op, 318198400.00 ns, 9.9437 ms/op
WorkloadPilot    3: 64 op, 671977600.00 ns, 10.4997 ms/op

OverheadWarmup   1: 64 op, 1500.00 ns, 23.4375 ns/op
OverheadWarmup   2: 64 op, 600.00 ns, 9.3750 ns/op
OverheadWarmup   3: 64 op, 500.00 ns, 7.8125 ns/op
OverheadWarmup   4: 64 op, 500.00 ns, 7.8125 ns/op
OverheadWarmup   5: 64 op, 1100.00 ns, 17.1875 ns/op
OverheadWarmup   6: 64 op, 500.00 ns, 7.8125 ns/op
OverheadWarmup   7: 64 op, 500.00 ns, 7.8125 ns/op

OverheadActual   1: 64 op, 500.00 ns, 7.8125 ns/op
OverheadActual   2: 64 op, 500.00 ns, 7.8125 ns/op
OverheadActual   3: 64 op, 500.00 ns, 7.8125 ns/op
OverheadActual   4: 64 op, 400.00 ns, 6.2500 ns/op
OverheadActual   5: 64 op, 400.00 ns, 6.2500 ns/op
OverheadActual   6: 64 op, 500.00 ns, 7.8125 ns/op
OverheadActual   7: 64 op, 500.00 ns, 7.8125 ns/op
OverheadActual   8: 64 op, 500.00 ns, 7.8125 ns/op
OverheadActual   9: 64 op, 500.00 ns, 7.8125 ns/op
OverheadActual  10: 64 op, 500.00 ns, 7.8125 ns/op
OverheadActual  11: 64 op, 500.00 ns, 7.8125 ns/op
OverheadActual  12: 64 op, 400.00 ns, 6.2500 ns/op
OverheadActual  13: 64 op, 500.00 ns, 7.8125 ns/op
OverheadActual  14: 64 op, 500.00 ns, 7.8125 ns/op
OverheadActual  15: 64 op, 500.00 ns, 7.8125 ns/op
OverheadActual  16: 64 op, 400.00 ns, 6.2500 ns/op
OverheadActual  17: 64 op, 400.00 ns, 6.2500 ns/op
OverheadActual  18: 64 op, 400.00 ns, 6.2500 ns/op
OverheadActual  19: 64 op, 500.00 ns, 7.8125 ns/op
OverheadActual  20: 64 op, 500.00 ns, 7.8125 ns/op

WorkloadWarmup   1: 64 op, 541480900.00 ns, 8.4606 ms/op

// BeforeActualRun
WorkloadActual   1: 64 op, 534112200.00 ns, 8.3455 ms/op
WorkloadActual   2: 64 op, 532847000.00 ns, 8.3257 ms/op
WorkloadActual   3: 64 op, 533365300.00 ns, 8.3338 ms/op
WorkloadActual   4: 64 op, 542491900.00 ns, 8.4764 ms/op

// AfterActualRun
WorkloadResult   1: 64 op, 534111700.00 ns, 8.3455 ms/op
WorkloadResult   2: 64 op, 532846500.00 ns, 8.3257 ms/op
WorkloadResult   3: 64 op, 533364800.00 ns, 8.3338 ms/op
// GC:  72 68 63 2165347192 64
// Threading:  0 0 64

// AfterAll
// Benchmark Process 3196 has exited with code 0.

Mean = 8.335 ms, StdErr = 0.006 ms (0.07%), N = 3, StdDev = 0.010 ms
Min = 8.326 ms, Q1 = 8.330 ms, Median = 8.334 ms, Q3 = 8.340 ms, Max = 8.345 ms
IQR = 0.010 ms, LowerFence = 8.315 ms, UpperFence = 8.354 ms
ConfidenceInterval = [8.154 ms; 8.516 ms] (CI 99.9%), Margin = 0.181 ms (2.18% of Mean)
Skewness = 0.12, Kurtosis = 0.67, MValue = 2

// ** Remained 3 (8.3%) benchmark(s) to run. Estimated finish 2026-09-25 13:44 (0h 0m from now) **
Setup power plan (GUID: 8c5e7fda-e8bf-4a96-9a85-a6e23a8c635c FriendlyName: High performance)
// **************************
// Benchmark: PostStreamingBench.Streaming: Job-KULIUI(Runtime=.NET 10.0, IterationCount=4, WarmupCount=1) [Size=5242880, Shape=multi-header]
// *** Execute ***
// Launch: 1 / 1
// Execute: dotnet VectorNNTP.NNTPD.PostAllocBench-1.dll --anonymousPipes 35512 33804 --benchmarkName "VectorNNTP.NNTPD.PostAllocBench.PostStreamingBench.Streaming(Size: 5242880, Shape: \"multi-header\")" --job "Runtime=.NET 10.0, IterationCount=4, WarmupCount=1" --benchmarkId 33 in C:\Users\chrisk\source\repos\Usenet.ninja\VectorNNTP\tools\VectorNNTP.NNTPD.PostAllocBench\bin\Release\net10.0\VectorNNTP.NNTPD.PostAllocBench-1\bin\Release\net10.0
// BeforeAnythingElse

// Benchmark Process Environment Information:
// BenchmarkDotNet v0.15.2
// Runtime=.NET 10.0.12 (10.0.1226.42308), X64 RyuJIT AVX2
// GC=Concurrent Workstation
// HardwareIntrinsics=AVX2,AES,BMI1,BMI2,FMA,LZCNT,PCLMUL,POPCNT,AvxVnni,SERIALIZE VectorSize=256
// Job: Job-EATLBP(IterationCount=4, WarmupCount=1)

OverheadJitting  1: 1 op, 152000.00 ns, 152.0000 us/op
WorkloadJitting  1: 1 op, 21016200.00 ns, 21.0162 ms/op

OverheadJitting  2: 16 op, 272400.00 ns, 17.0250 us/op
WorkloadJitting  2: 16 op, 81389400.00 ns, 5.0868 ms/op

WorkloadPilot    1: 16 op, 67340300.00 ns, 4.2088 ms/op
WorkloadPilot    2: 32 op, 152710300.00 ns, 4.7722 ms/op
WorkloadPilot    3: 64 op, 281997100.00 ns, 4.4062 ms/op
WorkloadPilot    4: 128 op, 585991900.00 ns, 4.5781 ms/op

OverheadWarmup   1: 128 op, 2200.00 ns, 17.1875 ns/op
OverheadWarmup   2: 128 op, 700.00 ns, 5.4688 ns/op
OverheadWarmup   3: 128 op, 700.00 ns, 5.4688 ns/op
OverheadWarmup   4: 128 op, 600.00 ns, 4.6875 ns/op
OverheadWarmup   5: 128 op, 600.00 ns, 4.6875 ns/op
OverheadWarmup   6: 128 op, 700.00 ns, 5.4688 ns/op

OverheadActual   1: 128 op, 600.00 ns, 4.6875 ns/op
OverheadActual   2: 128 op, 600.00 ns, 4.6875 ns/op
OverheadActual   3: 128 op, 500.00 ns, 3.9063 ns/op
OverheadActual   4: 128 op, 500.00 ns, 3.9063 ns/op
OverheadActual   5: 128 op, 600.00 ns, 4.6875 ns/op
OverheadActual   6: 128 op, 500.00 ns, 3.9063 ns/op
OverheadActual   7: 128 op, 500.00 ns, 3.9063 ns/op
OverheadActual   8: 128 op, 600.00 ns, 4.6875 ns/op
OverheadActual   9: 128 op, 600.00 ns, 4.6875 ns/op
OverheadActual  10: 128 op, 600.00 ns, 4.6875 ns/op
OverheadActual  11: 128 op, 600.00 ns, 4.6875 ns/op
OverheadActual  12: 128 op, 600.00 ns, 4.6875 ns/op
OverheadActual  13: 128 op, 600.00 ns, 4.6875 ns/op
OverheadActual  14: 128 op, 600.00 ns, 4.6875 ns/op
OverheadActual  15: 128 op, 500.00 ns, 3.9063 ns/op
OverheadActual  16: 128 op, 600.00 ns, 4.6875 ns/op
OverheadActual  17: 128 op, 500.00 ns, 3.9063 ns/op
OverheadActual  18: 128 op, 600.00 ns, 4.6875 ns/op
OverheadActual  19: 128 op, 600.00 ns, 4.6875 ns/op
OverheadActual  20: 128 op, 600.00 ns, 4.6875 ns/op

WorkloadWarmup   1: 128 op, 638085500.00 ns, 4.9850 ms/op

// BeforeActualRun
WorkloadActual   1: 128 op, 554460500.00 ns, 4.3317 ms/op
WorkloadActual   2: 128 op, 542603000.00 ns, 4.2391 ms/op
WorkloadActual   3: 128 op, 581208000.00 ns, 4.5407 ms/op
WorkloadActual   4: 128 op, 643054900.00 ns, 5.0239 ms/op

// AfterActualRun
WorkloadResult   1: 128 op, 554459900.00 ns, 4.3317 ms/op
WorkloadResult   2: 128 op, 542602400.00 ns, 4.2391 ms/op
WorkloadResult   3: 128 op, 581207400.00 ns, 4.5407 ms/op
WorkloadResult   4: 128 op, 643054300.00 ns, 5.0239 ms/op
// GC:  75 68 57 2426153392 128
// Threading:  0 0 128

// AfterAll
// Benchmark Process 34056 has exited with code 0.

Mean = 4.534 ms, StdErr = 0.175 ms (3.86%), N = 4, StdDev = 0.350 ms
Min = 4.239 ms, Q1 = 4.309 ms, Median = 4.436 ms, Q3 = 4.661 ms, Max = 5.024 ms
IQR = 0.353 ms, LowerFence = 3.779 ms, UpperFence = 5.191 ms
ConfidenceInterval = [2.271 ms; 6.797 ms] (CI 99.9%), Margin = 2.263 ms (49.91% of Mean)
Skewness = 0.49, Kurtosis = 1.11, MValue = 2

// ** Remained 2 (5.6%) benchmark(s) to run. Estimated finish 2026-09-25 13:44 (0h 0m from now) **
Setup power plan (GUID: 8c5e7fda-e8bf-4a96-9a85-a6e23a8c635c FriendlyName: High performance)
// **************************
// Benchmark: PostStreamingBench.Legacy: Job-KULIUI(Runtime=.NET 10.0, IterationCount=4, WarmupCount=1) [Size=5242880, Shape=normal]
// *** Execute ***
// Launch: 1 / 1
// Execute: dotnet VectorNNTP.NNTPD.PostAllocBench-1.dll --anonymousPipes 35572 35520 --benchmarkName "VectorNNTP.NNTPD.PostAllocBench.PostStreamingBench.Legacy(Size: 5242880, Shape: \"normal\")" --job "Runtime=.NET 10.0, IterationCount=4, WarmupCount=1" --benchmarkId 34 in C:\Users\chrisk\source\repos\Usenet.ninja\VectorNNTP\tools\VectorNNTP.NNTPD.PostAllocBench\bin\Release\net10.0\VectorNNTP.NNTPD.PostAllocBench-1\bin\Release\net10.0
// BeforeAnythingElse

// Benchmark Process Environment Information:
// BenchmarkDotNet v0.15.2
// Runtime=.NET 10.0.12 (10.0.1226.42308), X64 RyuJIT AVX2
// GC=Concurrent Workstation
// HardwareIntrinsics=AVX2,AES,BMI1,BMI2,FMA,LZCNT,PCLMUL,POPCNT,AvxVnni,SERIALIZE VectorSize=256
// Job: Job-EATLBP(IterationCount=4, WarmupCount=1)

OverheadJitting  1: 1 op, 148500.00 ns, 148.5000 us/op
WorkloadJitting  1: 1 op, 28404100.00 ns, 28.4041 ms/op

OverheadJitting  2: 16 op, 280400.00 ns, 17.5250 us/op
WorkloadJitting  2: 16 op, 163423700.00 ns, 10.2140 ms/op

WorkloadPilot    1: 16 op, 227726400.00 ns, 14.2329 ms/op
WorkloadPilot    2: 32 op, 323445500.00 ns, 10.1077 ms/op
WorkloadPilot    3: 64 op, 913860300.00 ns, 14.2791 ms/op

OverheadWarmup   1: 64 op, 2600.00 ns, 40.6250 ns/op
OverheadWarmup   2: 64 op, 600.00 ns, 9.3750 ns/op
OverheadWarmup   3: 64 op, 400.00 ns, 6.2500 ns/op
OverheadWarmup   4: 64 op, 400.00 ns, 6.2500 ns/op
OverheadWarmup   5: 64 op, 400.00 ns, 6.2500 ns/op
OverheadWarmup   6: 64 op, 500.00 ns, 7.8125 ns/op
OverheadWarmup   7: 64 op, 500.00 ns, 7.8125 ns/op

OverheadActual   1: 64 op, 500.00 ns, 7.8125 ns/op
OverheadActual   2: 64 op, 600.00 ns, 9.3750 ns/op
OverheadActual   3: 64 op, 400.00 ns, 6.2500 ns/op
OverheadActual   4: 64 op, 400.00 ns, 6.2500 ns/op
OverheadActual   5: 64 op, 400.00 ns, 6.2500 ns/op
OverheadActual   6: 64 op, 500.00 ns, 7.8125 ns/op
OverheadActual   7: 64 op, 500.00 ns, 7.8125 ns/op
OverheadActual   8: 64 op, 500.00 ns, 7.8125 ns/op
OverheadActual   9: 64 op, 500.00 ns, 7.8125 ns/op
OverheadActual  10: 64 op, 500.00 ns, 7.8125 ns/op
OverheadActual  11: 64 op, 500.00 ns, 7.8125 ns/op
OverheadActual  12: 64 op, 500.00 ns, 7.8125 ns/op
OverheadActual  13: 64 op, 500.00 ns, 7.8125 ns/op
OverheadActual  14: 64 op, 500.00 ns, 7.8125 ns/op
OverheadActual  15: 64 op, 500.00 ns, 7.8125 ns/op
OverheadActual  16: 64 op, 400.00 ns, 6.2500 ns/op
OverheadActual  17: 64 op, 500.00 ns, 7.8125 ns/op
OverheadActual  18: 64 op, 500.00 ns, 7.8125 ns/op
OverheadActual  19: 64 op, 400.00 ns, 6.2500 ns/op
OverheadActual  20: 64 op, 500.00 ns, 7.8125 ns/op

WorkloadWarmup   1: 64 op, 544044000.00 ns, 8.5007 ms/op

// BeforeActualRun
WorkloadActual   1: 64 op, 536455100.00 ns, 8.3821 ms/op
WorkloadActual   2: 64 op, 536794600.00 ns, 8.3874 ms/op
WorkloadActual   3: 64 op, 543105600.00 ns, 8.4860 ms/op
WorkloadActual   4: 64 op, 535697100.00 ns, 8.3703 ms/op

// AfterActualRun
WorkloadResult   1: 64 op, 536454600.00 ns, 8.3821 ms/op
WorkloadResult   2: 64 op, 536794100.00 ns, 8.3874 ms/op
WorkloadResult   3: 64 op, 535696600.00 ns, 8.3703 ms/op
// GC:  72 68 63 2165246840 64
// Threading:  0 0 64

// AfterAll
// Benchmark Process 23380 has exited with code 0.

Mean = 8.380 ms, StdErr = 0.005 ms (0.06%), N = 3, StdDev = 0.009 ms
Min = 8.370 ms, Q1 = 8.376 ms, Median = 8.382 ms, Q3 = 8.385 ms, Max = 8.387 ms
IQR = 0.009 ms, LowerFence = 8.363 ms, UpperFence = 8.398 ms
ConfidenceInterval = [8.220 ms; 8.540 ms] (CI 99.9%), Margin = 0.160 ms (1.91% of Mean)
Skewness = -0.23, Kurtosis = 0.67, MValue = 2

// ** Remained 1 (2.8%) benchmark(s) to run. Estimated finish 2026-09-25 13:44 (0h 0m from now) **
Setup power plan (GUID: 8c5e7fda-e8bf-4a96-9a85-a6e23a8c635c FriendlyName: High performance)
// **************************
// Benchmark: PostStreamingBench.Streaming: Job-KULIUI(Runtime=.NET 10.0, IterationCount=4, WarmupCount=1) [Size=5242880, Shape=normal]
// *** Execute ***
// Launch: 1 / 1
// Execute: dotnet VectorNNTP.NNTPD.PostAllocBench-1.dll --anonymousPipes 40628 3840 --benchmarkName "VectorNNTP.NNTPD.PostAllocBench.PostStreamingBench.Streaming(Size: 5242880, Shape: \"normal\")" --job "Runtime=.NET 10.0, IterationCount=4, WarmupCount=1" --benchmarkId 35 in C:\Users\chrisk\source\repos\Usenet.ninja\VectorNNTP\tools\VectorNNTP.NNTPD.PostAllocBench\bin\Release\net10.0\VectorNNTP.NNTPD.PostAllocBench-1\bin\Release\net10.0
// BeforeAnythingElse

// Benchmark Process Environment Information:
// BenchmarkDotNet v0.15.2
// Runtime=.NET 10.0.12 (10.0.1226.42308), X64 RyuJIT AVX2
// GC=Concurrent Workstation
// HardwareIntrinsics=AVX2,AES,BMI1,BMI2,FMA,LZCNT,PCLMUL,POPCNT,AvxVnni,SERIALIZE VectorSize=256
// Job: Job-EATLBP(IterationCount=4, WarmupCount=1)

OverheadJitting  1: 1 op, 148300.00 ns, 148.3000 us/op
WorkloadJitting  1: 1 op, 21206800.00 ns, 21.2068 ms/op

OverheadJitting  2: 16 op, 308800.00 ns, 19.3000 us/op
WorkloadJitting  2: 16 op, 85327000.00 ns, 5.3329 ms/op

WorkloadPilot    1: 16 op, 69387200.00 ns, 4.3367 ms/op
WorkloadPilot    2: 32 op, 166411800.00 ns, 5.2004 ms/op
WorkloadPilot    3: 64 op, 301896700.00 ns, 4.7171 ms/op
WorkloadPilot    4: 128 op, 575777100.00 ns, 4.4983 ms/op

OverheadWarmup   1: 128 op, 1700.00 ns, 13.2813 ns/op
OverheadWarmup   2: 128 op, 600.00 ns, 4.6875 ns/op
OverheadWarmup   3: 128 op, 600.00 ns, 4.6875 ns/op
OverheadWarmup   4: 128 op, 500.00 ns, 3.9063 ns/op
OverheadWarmup   5: 128 op, 700.00 ns, 5.4688 ns/op
OverheadWarmup   6: 128 op, 600.00 ns, 4.6875 ns/op

OverheadActual   1: 128 op, 600.00 ns, 4.6875 ns/op
OverheadActual   2: 128 op, 600.00 ns, 4.6875 ns/op
OverheadActual   3: 128 op, 600.00 ns, 4.6875 ns/op
OverheadActual   4: 128 op, 600.00 ns, 4.6875 ns/op
OverheadActual   5: 128 op, 600.00 ns, 4.6875 ns/op
OverheadActual   6: 128 op, 600.00 ns, 4.6875 ns/op
OverheadActual   7: 128 op, 700.00 ns, 5.4688 ns/op
OverheadActual   8: 128 op, 700.00 ns, 5.4688 ns/op
OverheadActual   9: 128 op, 700.00 ns, 5.4688 ns/op
OverheadActual  10: 128 op, 600.00 ns, 4.6875 ns/op
OverheadActual  11: 128 op, 600.00 ns, 4.6875 ns/op
OverheadActual  12: 128 op, 500.00 ns, 3.9063 ns/op
OverheadActual  13: 128 op, 600.00 ns, 4.6875 ns/op
OverheadActual  14: 128 op, 500.00 ns, 3.9063 ns/op
OverheadActual  15: 128 op, 700.00 ns, 5.4688 ns/op
OverheadActual  16: 128 op, 600.00 ns, 4.6875 ns/op
OverheadActual  17: 128 op, 500.00 ns, 3.9063 ns/op
OverheadActual  18: 128 op, 700.00 ns, 5.4688 ns/op
OverheadActual  19: 128 op, 600.00 ns, 4.6875 ns/op
OverheadActual  20: 128 op, 700.00 ns, 5.4688 ns/op

WorkloadWarmup   1: 128 op, 580389000.00 ns, 4.5343 ms/op

// BeforeActualRun
WorkloadActual   1: 128 op, 589075500.00 ns, 4.6022 ms/op
WorkloadActual   2: 128 op, 557768800.00 ns, 4.3576 ms/op
WorkloadActual   3: 128 op, 581717500.00 ns, 4.5447 ms/op
WorkloadActual   4: 128 op, 573828100.00 ns, 4.4830 ms/op

// AfterActualRun
WorkloadResult   1: 128 op, 589074900.00 ns, 4.6021 ms/op
WorkloadResult   2: 128 op, 557768200.00 ns, 4.3576 ms/op
WorkloadResult   3: 128 op, 581716900.00 ns, 4.5447 ms/op
WorkloadResult   4: 128 op, 573827500.00 ns, 4.4830 ms/op
// GC:  73 67 55 2425903424 128
// Threading:  0 0 128

// AfterAll
// Benchmark Process 21992 has exited with code 0.

Mean = 4.497 ms, StdErr = 0.052 ms (1.17%), N = 4, StdDev = 0.105 ms
Min = 4.358 ms, Q1 = 4.452 ms, Median = 4.514 ms, Q3 = 4.559 ms, Max = 4.602 ms
IQR = 0.107 ms, LowerFence = 4.291 ms, UpperFence = 4.720 ms
ConfidenceInterval = [3.819 ms; 5.174 ms] (CI 99.9%), Margin = 0.677 ms (15.06% of Mean)
Skewness = -0.31, Kurtosis = 1.04, MValue = 2

// ** Remained 0 (0.0%) benchmark(s) to run. Estimated finish 2026-09-25 13:44 (0h 0m from now) **
Successfully reverted power plan (GUID: 8c5e7fda-e8bf-4a96-9a85-a6e23a8c635c FriendlyName: High performance)
// ***** BenchmarkRunner: Finish  *****

// * Export *
  BenchmarkDotNet.Artifacts\results\VectorNNTP.NNTPD.PostAllocBench.PostStreamingBench-report.csv
  BenchmarkDotNet.Artifacts\results\VectorNNTP.NNTPD.PostAllocBench.PostStreamingBench-report-github.md
  BenchmarkDotNet.Artifacts\results\VectorNNTP.NNTPD.PostAllocBench.PostStreamingBench-report.html
  BenchmarkDotNet.Artifacts\results\VectorNNTP.NNTPD.PostAllocBench.PostStreamingBench-report-default.md

// * Detailed results *
PostStreamingBench.Legacy: Job-KULIUI(Runtime=.NET 10.0, IterationCount=4, WarmupCount=1) [Size=1024, Shape=dot-leading]
Runtime = .NET 10.0.12 (10.0.1226.42308), X64 RyuJIT AVX2; GC = Concurrent Workstation
Mean = 7.519 μs, StdErr = 0.031 μs (0.41%), N = 4, StdDev = 0.062 μs
Min = 7.442 μs, Q1 = 7.481 μs, Median = 7.531 μs, Q3 = 7.568 μs, Max = 7.572 μs
IQR = 0.087 μs, LowerFence = 7.350 μs, UpperFence = 7.699 μs
ConfidenceInterval = [7.116 μs; 7.922 μs] (CI 99.9%), Margin = 0.403 μs (5.36% of Mean)
Skewness = -0.21, Kurtosis = 0.8, MValue = 2
-------------------- Histogram --------------------
[7.391 μs ; 7.608 μs) | @@@@
---------------------------------------------------

PostStreamingBench.Streaming: Job-KULIUI(Runtime=.NET 10.0, IterationCount=4, WarmupCount=1) [Size=1024, Shape=dot-leading]
Runtime = .NET 10.0.12 (10.0.1226.42308), X64 RyuJIT AVX2; GC = Concurrent Workstation
Mean = 5.422 μs, StdErr = 0.045 μs (0.83%), N = 4, StdDev = 0.090 μs
Min = 5.289 μs, Q1 = 5.408 μs, Median = 5.453 μs, Q3 = 5.468 μs, Max = 5.490 μs
IQR = 0.060 μs, LowerFence = 5.317 μs, UpperFence = 5.558 μs
ConfidenceInterval = [4.840 μs; 6.003 μs] (CI 99.9%), Margin = 0.581 μs (10.72% of Mean)
Skewness = -0.66, Kurtosis = 1.26, MValue = 2
-------------------- Histogram --------------------
[5.215 μs ; 5.394 μs) | @
[5.394 μs ; 5.565 μs) | @@@
---------------------------------------------------

PostStreamingBench.Legacy: Job-KULIUI(Runtime=.NET 10.0, IterationCount=4, WarmupCount=1) [Size=1024, Shape=multi-header]
Runtime = .NET 10.0.12 (10.0.1226.42308), X64 RyuJIT AVX2; GC = Concurrent Workstation
Mean = 5.527 μs, StdErr = 0.028 μs (0.51%), N = 4, StdDev = 0.057 μs
Min = 5.448 μs, Q1 = 5.513 μs, Median = 5.539 μs, Q3 = 5.553 μs, Max = 5.582 μs
IQR = 0.040 μs, LowerFence = 5.453 μs, UpperFence = 5.613 μs
ConfidenceInterval = [5.161 μs; 5.892 μs] (CI 99.9%), Margin = 0.366 μs (6.61% of Mean)
Skewness = -0.45, Kurtosis = 1.18, MValue = 2
-------------------- Histogram --------------------
[5.401 μs ; 5.614 μs) | @@@@
---------------------------------------------------

PostStreamingBench.Streaming: Job-KULIUI(Runtime=.NET 10.0, IterationCount=4, WarmupCount=1) [Size=1024, Shape=multi-header]
Runtime = .NET 10.0.12 (10.0.1226.42308), X64 RyuJIT AVX2; GC = Concurrent Workstation
Mean = 4.453 μs, StdErr = 0.023 μs (0.52%), N = 4, StdDev = 0.046 μs
Min = 4.393 μs, Q1 = 4.431 μs, Median = 4.461 μs, Q3 = 4.483 μs, Max = 4.499 μs
IQR = 0.052 μs, LowerFence = 4.354 μs, UpperFence = 4.561 μs
ConfidenceInterval = [4.154 μs; 4.752 μs] (CI 99.9%), Margin = 0.299 μs (6.72% of Mean)
Skewness = -0.29, Kurtosis = 0.99, MValue = 2
-------------------- Histogram --------------------
[4.354 μs ; 4.516 μs) | @@@@
---------------------------------------------------

PostStreamingBench.Legacy: Job-KULIUI(Runtime=.NET 10.0, IterationCount=4, WarmupCount=1) [Size=1024, Shape=normal]
Runtime = .NET 10.0.12 (10.0.1226.42308), X64 RyuJIT AVX2; GC = Concurrent Workstation
Mean = 4.643 μs, StdErr = 0.046 μs (1.00%), N = 4, StdDev = 0.093 μs
Min = 4.537 μs, Q1 = 4.581 μs, Median = 4.651 μs, Q3 = 4.713 μs, Max = 4.735 μs
IQR = 0.131 μs, LowerFence = 4.385 μs, UpperFence = 4.910 μs
ConfidenceInterval = [4.045 μs; 5.242 μs] (CI 99.9%), Margin = 0.598 μs (12.88% of Mean)
Skewness = -0.09, Kurtosis = 0.74, MValue = 2
-------------------- Histogram --------------------
[4.461 μs ; 4.589 μs) | @
[4.589 μs ; 4.742 μs) | @@@
---------------------------------------------------

PostStreamingBench.Streaming: Job-KULIUI(Runtime=.NET 10.0, IterationCount=4, WarmupCount=1) [Size=1024, Shape=normal]
Runtime = .NET 10.0.12 (10.0.1226.42308), X64 RyuJIT AVX2; GC = Concurrent Workstation
Mean = 3.622 μs, StdErr = 0.016 μs (0.45%), N = 4, StdDev = 0.033 μs
Min = 3.594 μs, Q1 = 3.596 μs, Median = 3.615 μs, Q3 = 3.641 μs, Max = 3.663 μs
IQR = 0.045 μs, LowerFence = 3.529 μs, UpperFence = 3.708 μs
ConfidenceInterval = [3.410 μs; 3.833 μs] (CI 99.9%), Margin = 0.211 μs (5.84% of Mean)
Skewness = 0.24, Kurtosis = 0.83, MValue = 2
-------------------- Histogram --------------------
[3.577 μs ; 3.690 μs) | @@@@
---------------------------------------------------

PostStreamingBench.Legacy: Job-KULIUI(Runtime=.NET 10.0, IterationCount=4, WarmupCount=1) [Size=16384, Shape=dot-leading]
Runtime = .NET 10.0.12 (10.0.1226.42308), X64 RyuJIT AVX2; GC = Concurrent Workstation
Mean = 92.237 μs, StdErr = 0.848 μs (0.92%), N = 4, StdDev = 1.697 μs
Min = 90.567 μs, Q1 = 90.920 μs, Median = 92.166 μs, Q3 = 93.484 μs, Max = 94.050 μs
IQR = 2.564 μs, LowerFence = 87.074 μs, UpperFence = 97.330 μs
ConfidenceInterval = [81.274 μs; 103.201 μs] (CI 99.9%), Margin = 10.963 μs (11.89% of Mean)
Skewness = 0.04, Kurtosis = 0.66, MValue = 2
-------------------- Histogram --------------------
[90.528 μs ; 93.334 μs) | @@@
[93.334 μs ; 95.453 μs) | @
---------------------------------------------------

PostStreamingBench.Streaming: Job-KULIUI(Runtime=.NET 10.0, IterationCount=4, WarmupCount=1) [Size=16384, Shape=dot-leading]
Runtime = .NET 10.0.12 (10.0.1226.42308), X64 RyuJIT AVX2; GC = Concurrent Workstation
Mean = 48.309 μs, StdErr = 0.076 μs (0.16%), N = 3, StdDev = 0.131 μs
Min = 48.170 μs, Q1 = 48.248 μs, Median = 48.325 μs, Q3 = 48.378 μs, Max = 48.431 μs
IQR = 0.130 μs, LowerFence = 48.052 μs, UpperFence = 48.574 μs
ConfidenceInterval = [45.917 μs; 50.700 μs] (CI 99.9%), Margin = 2.392 μs (4.95% of Mean)
Skewness = -0.12, Kurtosis = 0.67, MValue = 2
-------------------- Histogram --------------------
[48.051 μs ; 48.550 μs) | @@@
---------------------------------------------------

PostStreamingBench.Legacy: Job-KULIUI(Runtime=.NET 10.0, IterationCount=4, WarmupCount=1) [Size=16384, Shape=multi-header]
Runtime = .NET 10.0.12 (10.0.1226.42308), X64 RyuJIT AVX2; GC = Concurrent Workstation
Mean = 14.623 μs, StdErr = 0.245 μs (1.67%), N = 4, StdDev = 0.489 μs
Min = 14.267 μs, Q1 = 14.287 μs, Median = 14.453 μs, Q3 = 14.788 μs, Max = 15.318 μs
IQR = 0.501 μs, LowerFence = 13.536 μs, UpperFence = 15.540 μs
ConfidenceInterval = [11.461 μs; 17.784 μs] (CI 99.9%), Margin = 3.161 μs (21.62% of Mean)
Skewness = 0.55, Kurtosis = 1.14, MValue = 2
-------------------- Histogram --------------------
[14.035 μs ; 14.844 μs) | @@@
[14.844 μs ; 15.722 μs) | @
---------------------------------------------------

PostStreamingBench.Streaming: Job-KULIUI(Runtime=.NET 10.0, IterationCount=4, WarmupCount=1) [Size=16384, Shape=multi-header]
Runtime = .NET 10.0.12 (10.0.1226.42308), X64 RyuJIT AVX2; GC = Concurrent Workstation
Mean = 5.815 μs, StdErr = 0.019 μs (0.33%), N = 4, StdDev = 0.038 μs
Min = 5.766 μs, Q1 = 5.796 μs, Median = 5.821 μs, Q3 = 5.840 μs, Max = 5.853 μs
IQR = 0.043 μs, LowerFence = 5.732 μs, UpperFence = 5.904 μs
ConfidenceInterval = [5.569 μs; 6.061 μs] (CI 99.9%), Margin = 0.246 μs (4.24% of Mean)
Skewness = -0.27, Kurtosis = 0.98, MValue = 2
-------------------- Histogram --------------------
[5.734 μs ; 5.885 μs) | @@@@
---------------------------------------------------

PostStreamingBench.Legacy: Job-KULIUI(Runtime=.NET 10.0, IterationCount=4, WarmupCount=1) [Size=16384, Shape=normal]
Runtime = .NET 10.0.12 (10.0.1226.42308), X64 RyuJIT AVX2; GC = Concurrent Workstation
Mean = 13.431 μs, StdErr = 0.022 μs (0.16%), N = 4, StdDev = 0.044 μs
Min = 13.378 μs, Q1 = 13.412 μs, Median = 13.431 μs, Q3 = 13.451 μs, Max = 13.484 μs
IQR = 0.039 μs, LowerFence = 13.354 μs, UpperFence = 13.509 μs
ConfidenceInterval = [13.149 μs; 13.714 μs] (CI 99.9%), Margin = 0.283 μs (2.10% of Mean)
Skewness = 0, Kurtosis = 1.07, MValue = 2
-------------------- Histogram --------------------
[13.342 μs ; 13.520 μs) | @@@@
---------------------------------------------------

PostStreamingBench.Streaming: Job-KULIUI(Runtime=.NET 10.0, IterationCount=4, WarmupCount=1) [Size=16384, Shape=normal]
Runtime = .NET 10.0.12 (10.0.1226.42308), X64 RyuJIT AVX2; GC = Concurrent Workstation
Mean = 4.806 μs, StdErr = 0.005 μs (0.10%), N = 4, StdDev = 0.010 μs
Min = 4.795 μs, Q1 = 4.800 μs, Median = 4.805 μs, Q3 = 4.811 μs, Max = 4.817 μs
IQR = 0.011 μs, LowerFence = 4.784 μs, UpperFence = 4.828 μs
ConfidenceInterval = [4.744 μs; 4.868 μs] (CI 99.9%), Margin = 0.062 μs (1.29% of Mean)
Skewness = 0.06, Kurtosis = 0.94, MValue = 2
-------------------- Histogram --------------------
[4.787 μs ; 4.825 μs) | @@@@
---------------------------------------------------

PostStreamingBench.Legacy: Job-KULIUI(Runtime=.NET 10.0, IterationCount=4, WarmupCount=1) [Size=65536, Shape=dot-leading]
Runtime = .NET 10.0.12 (10.0.1226.42308), X64 RyuJIT AVX2; GC = Concurrent Workstation
Mean = 359.155 μs, StdErr = 0.364 μs (0.10%), N = 4, StdDev = 0.729 μs
Min = 358.631 μs, Q1 = 358.641 μs, Median = 358.902 μs, Q3 = 359.416 μs, Max = 360.183 μs
IQR = 0.775 μs, LowerFence = 357.478 μs, UpperFence = 360.580 μs
ConfidenceInterval = [354.447 μs; 363.863 μs] (CI 99.9%), Margin = 4.708 μs (1.31% of Mean)
Skewness = 0.52, Kurtosis = 1.12, MValue = 2
-------------------- Histogram --------------------
[358.028 μs ; 360.785 μs) | @@@@
---------------------------------------------------

PostStreamingBench.Streaming: Job-KULIUI(Runtime=.NET 10.0, IterationCount=4, WarmupCount=1) [Size=65536, Shape=dot-leading]
Runtime = .NET 10.0.12 (10.0.1226.42308), X64 RyuJIT AVX2; GC = Concurrent Workstation
Mean = 217.764 μs, StdErr = 0.122 μs (0.06%), N = 4, StdDev = 0.244 μs
Min = 217.574 μs, Q1 = 217.618 μs, Median = 217.682 μs, Q3 = 217.828 μs, Max = 218.117 μs
IQR = 0.210 μs, LowerFence = 217.303 μs, UpperFence = 218.143 μs
ConfidenceInterval = [216.186 μs; 219.341 μs] (CI 99.9%), Margin = 1.578 μs (0.72% of Mean)
Skewness = 0.6, Kurtosis = 1.2, MValue = 2
-------------------- Histogram --------------------
[217.372 μs ; 218.318 μs) | @@@@
---------------------------------------------------

PostStreamingBench.Legacy: Job-KULIUI(Runtime=.NET 10.0, IterationCount=4, WarmupCount=1) [Size=65536, Shape=multi-header]
Runtime = .NET 10.0.12 (10.0.1226.42308), X64 RyuJIT AVX2; GC = Concurrent Workstation
Mean = 46.964 μs, StdErr = 0.102 μs (0.22%), N = 4, StdDev = 0.204 μs
Min = 46.702 μs, Q1 = 46.856 μs, Median = 47.000 μs, Q3 = 47.108 μs, Max = 47.154 μs
IQR = 0.252 μs, LowerFence = 46.478 μs, UpperFence = 47.486 μs
ConfidenceInterval = [45.648 μs; 48.279 μs] (CI 99.9%), Margin = 1.316 μs (2.80% of Mean)
Skewness = -0.27, Kurtosis = 0.91, MValue = 2
-------------------- Histogram --------------------
[46.534 μs ; 47.322 μs) | @@@@
---------------------------------------------------

PostStreamingBench.Streaming: Job-KULIUI(Runtime=.NET 10.0, IterationCount=4, WarmupCount=1) [Size=65536, Shape=multi-header]
Runtime = .NET 10.0.12 (10.0.1226.42308), X64 RyuJIT AVX2; GC = Concurrent Workstation
Mean = 47.046 μs, StdErr = 0.011 μs (0.02%), N = 3, StdDev = 0.018 μs
Min = 47.033 μs, Q1 = 47.035 μs, Median = 47.037 μs, Q3 = 47.052 μs, Max = 47.067 μs
IQR = 0.017 μs, LowerFence = 47.010 μs, UpperFence = 47.077 μs
ConfidenceInterval = [46.710 μs; 47.382 μs] (CI 99.9%), Margin = 0.336 μs (0.71% of Mean)
Skewness = 0.37, Kurtosis = 0.67, MValue = 2
-------------------- Histogram --------------------
[47.033 μs ; 47.067 μs) | @@@
---------------------------------------------------

PostStreamingBench.Legacy: Job-KULIUI(Runtime=.NET 10.0, IterationCount=4, WarmupCount=1) [Size=65536, Shape=normal]
Runtime = .NET 10.0.12 (10.0.1226.42308), X64 RyuJIT AVX2; GC = Concurrent Workstation
Mean = 44.887 μs, StdErr = 0.017 μs (0.04%), N = 3, StdDev = 0.029 μs
Min = 44.854 μs, Q1 = 44.878 μs, Median = 44.903 μs, Q3 = 44.904 μs, Max = 44.905 μs
IQR = 0.026 μs, LowerFence = 44.840 μs, UpperFence = 44.942 μs
ConfidenceInterval = [44.356 μs; 45.418 μs] (CI 99.9%), Margin = 0.531 μs (1.18% of Mean)
Skewness = -0.38, Kurtosis = 0.67, MValue = 2
-------------------- Histogram --------------------
[44.853 μs ; 44.906 μs) | @@@
---------------------------------------------------

PostStreamingBench.Streaming: Job-KULIUI(Runtime=.NET 10.0, IterationCount=4, WarmupCount=1) [Size=65536, Shape=normal]
Runtime = .NET 10.0.12 (10.0.1226.42308), X64 RyuJIT AVX2; GC = Concurrent Workstation
Mean = 45.948 μs, StdErr = 0.150 μs (0.33%), N = 4, StdDev = 0.300 μs
Min = 45.718 μs, Q1 = 45.733 μs, Median = 45.856 μs, Q3 = 46.071 μs, Max = 46.363 μs
IQR = 0.338 μs, LowerFence = 45.226 μs, UpperFence = 46.578 μs
ConfidenceInterval = [44.011 μs; 47.886 μs] (CI 99.9%), Margin = 1.938 μs (4.22% of Mean)
Skewness = 0.46, Kurtosis = 1.06, MValue = 2
-------------------- Histogram --------------------
[45.470 μs ; 46.611 μs) | @@@@
---------------------------------------------------

PostStreamingBench.Legacy: Job-KULIUI(Runtime=.NET 10.0, IterationCount=4, WarmupCount=1) [Size=262144, Shape=dot-leading]
Runtime = .NET 10.0.12 (10.0.1226.42308), X64 RyuJIT AVX2; GC = Concurrent Workstation
Mean = 1.672 ms, StdErr = 0.002 ms (0.13%), N = 4, StdDev = 0.004 ms
Min = 1.667 ms, Q1 = 1.670 ms, Median = 1.671 ms, Q3 = 1.673 ms, Max = 1.677 ms
IQR = 0.003 ms, LowerFence = 1.665 ms, UpperFence = 1.678 ms
ConfidenceInterval = [1.644 ms; 1.699 ms] (CI 99.9%), Margin = 0.027 ms (1.63% of Mean)
Skewness = 0.14, Kurtosis = 1.1, MValue = 2
-------------------- Histogram --------------------
[1.663 ms ; 1.680 ms) | @@@@
---------------------------------------------------

PostStreamingBench.Streaming: Job-KULIUI(Runtime=.NET 10.0, IterationCount=4, WarmupCount=1) [Size=262144, Shape=dot-leading]
Runtime = .NET 10.0.12 (10.0.1226.42308), X64 RyuJIT AVX2; GC = Concurrent Workstation
Mean = 902.483 μs, StdErr = 0.202 μs (0.02%), N = 3, StdDev = 0.349 μs
Min = 902.080 μs, Q1 = 902.377 μs, Median = 902.673 μs, Q3 = 902.685 μs, Max = 902.696 μs
IQR = 0.308 μs, LowerFence = 901.915 μs, UpperFence = 903.147 μs
ConfidenceInterval = [896.113 μs; 908.854 μs] (CI 99.9%), Margin = 6.371 μs (0.71% of Mean)
Skewness = -0.38, Kurtosis = 0.67, MValue = 2
-------------------- Histogram --------------------
[902.071 μs ; 902.706 μs) | @@@
---------------------------------------------------

PostStreamingBench.Legacy: Job-KULIUI(Runtime=.NET 10.0, IterationCount=4, WarmupCount=1) [Size=262144, Shape=multi-header]
Runtime = .NET 10.0.12 (10.0.1226.42308), X64 RyuJIT AVX2; GC = Concurrent Workstation
Mean = 489.660 μs, StdErr = 0.928 μs (0.19%), N = 4, StdDev = 1.855 μs
Min = 487.696 μs, Q1 = 488.267 μs, Median = 489.813 μs, Q3 = 491.205 μs, Max = 491.318 μs
IQR = 2.938 μs, LowerFence = 483.860 μs, UpperFence = 495.612 μs
ConfidenceInterval = [477.671 μs; 501.648 μs] (CI 99.9%), Margin = 11.989 μs (2.45% of Mean)
Skewness = -0.05, Kurtosis = 0.63, MValue = 2
-------------------- Histogram --------------------
[486.162 μs ; 492.852 μs) | @@@@
---------------------------------------------------

PostStreamingBench.Streaming: Job-KULIUI(Runtime=.NET 10.0, IterationCount=4, WarmupCount=1) [Size=262144, Shape=multi-header]
Runtime = .NET 10.0.12 (10.0.1226.42308), X64 RyuJIT AVX2; GC = Concurrent Workstation
Mean = 180.275 μs, StdErr = 0.841 μs (0.47%), N = 4, StdDev = 1.681 μs
Min = 178.379 μs, Q1 = 179.271 μs, Median = 180.218 μs, Q3 = 181.222 μs, Max = 182.284 μs
IQR = 1.952 μs, LowerFence = 176.343 μs, UpperFence = 184.150 μs
ConfidenceInterval = [169.410 μs; 191.139 μs] (CI 99.9%), Margin = 10.865 μs (6.03% of Mean)
Skewness = 0.06, Kurtosis = 0.92, MValue = 2
-------------------- Histogram --------------------
[177.828 μs ; 183.674 μs) | @@@@
---------------------------------------------------

PostStreamingBench.Legacy: Job-KULIUI(Runtime=.NET 10.0, IterationCount=4, WarmupCount=1) [Size=262144, Shape=normal]
Runtime = .NET 10.0.12 (10.0.1226.42308), X64 RyuJIT AVX2; GC = Concurrent Workstation
Mean = 493.753 μs, StdErr = 2.213 μs (0.45%), N = 4, StdDev = 4.427 μs
Min = 489.673 μs, Q1 = 490.051 μs, Median = 493.828 μs, Q3 = 497.530 μs, Max = 497.685 μs
IQR = 7.480 μs, LowerFence = 478.831 μs, UpperFence = 508.750 μs
ConfidenceInterval = [465.149 μs; 522.358 μs] (CI 99.9%), Margin = 28.605 μs (5.79% of Mean)
Skewness = -0, Kurtosis = 0.57, MValue = 2
-------------------- Histogram --------------------
[486.013 μs ; 501.345 μs) | @@@@
---------------------------------------------------

PostStreamingBench.Streaming: Job-KULIUI(Runtime=.NET 10.0, IterationCount=4, WarmupCount=1) [Size=262144, Shape=normal]
Runtime = .NET 10.0.12 (10.0.1226.42308), X64 RyuJIT AVX2; GC = Concurrent Workstation
Mean = 174.699 μs, StdErr = 0.147 μs (0.08%), N = 4, StdDev = 0.294 μs
Min = 174.385 μs, Q1 = 174.521 μs, Median = 174.671 μs, Q3 = 174.849 μs, Max = 175.070 μs
IQR = 0.328 μs, LowerFence = 174.030 μs, UpperFence = 175.340 μs
ConfidenceInterval = [172.798 μs; 176.600 μs] (CI 99.9%), Margin = 1.901 μs (1.09% of Mean)
Skewness = 0.18, Kurtosis = 0.97, MValue = 2
-------------------- Histogram --------------------
[174.142 μs ; 175.313 μs) | @@@@
---------------------------------------------------

PostStreamingBench.Legacy: Job-KULIUI(Runtime=.NET 10.0, IterationCount=4, WarmupCount=1) [Size=1048576, Shape=dot-leading]
Runtime = .NET 10.0.12 (10.0.1226.42308), X64 RyuJIT AVX2; GC = Concurrent Workstation
Mean = 6.561 ms, StdErr = 0.004 ms (0.06%), N = 4, StdDev = 0.008 ms
Min = 6.553 ms, Q1 = 6.555 ms, Median = 6.560 ms, Q3 = 6.566 ms, Max = 6.572 ms
IQR = 0.011 ms, LowerFence = 6.539 ms, UpperFence = 6.582 ms
ConfidenceInterval = [6.507 ms; 6.616 ms] (CI 99.9%), Margin = 0.054 ms (0.83% of Mean)
Skewness = 0.24, Kurtosis = 0.88, MValue = 2
-------------------- Histogram --------------------
[6.547 ms ; 6.579 ms) | @@@@
---------------------------------------------------

PostStreamingBench.Streaming: Job-KULIUI(Runtime=.NET 10.0, IterationCount=4, WarmupCount=1) [Size=1048576, Shape=dot-leading]
Runtime = .NET 10.0.12 (10.0.1226.42308), X64 RyuJIT AVX2; GC = Concurrent Workstation
Mean = 3.197 ms, StdErr = 0.020 ms (0.64%), N = 4, StdDev = 0.041 ms
Min = 3.153 ms, Q1 = 3.170 ms, Median = 3.197 ms, Q3 = 3.224 ms, Max = 3.243 ms
IQR = 0.054 ms, LowerFence = 3.090 ms, UpperFence = 3.305 ms
ConfidenceInterval = [2.935 ms; 3.460 ms] (CI 99.9%), Margin = 0.262 ms (8.21% of Mean)
Skewness = 0.02, Kurtosis = 0.8, MValue = 2
-------------------- Histogram --------------------
[3.152 ms ; 3.277 ms) | @@@@
---------------------------------------------------

PostStreamingBench.Legacy: Job-KULIUI(Runtime=.NET 10.0, IterationCount=4, WarmupCount=1) [Size=1048576, Shape=multi-header]
Runtime = .NET 10.0.12 (10.0.1226.42308), X64 RyuJIT AVX2; GC = Concurrent Workstation
Mean = 1.639 ms, StdErr = 0.012 ms (0.72%), N = 4, StdDev = 0.024 ms
Min = 1.610 ms, Q1 = 1.626 ms, Median = 1.642 ms, Q3 = 1.655 ms, Max = 1.662 ms
IQR = 0.030 ms, LowerFence = 1.581 ms, UpperFence = 1.700 ms
ConfidenceInterval = [1.487 ms; 1.791 ms] (CI 99.9%), Margin = 0.152 ms (9.28% of Mean)
Skewness = -0.2, Kurtosis = 0.88, MValue = 2
-------------------- Histogram --------------------
[1.590 ms ; 1.627 ms) | @
[1.627 ms ; 1.666 ms) | @@@
---------------------------------------------------

PostStreamingBench.Streaming: Job-KULIUI(Runtime=.NET 10.0, IterationCount=4, WarmupCount=1) [Size=1048576, Shape=multi-header]
Runtime = .NET 10.0.12 (10.0.1226.42308), X64 RyuJIT AVX2; GC = Concurrent Workstation
Mean = 395.592 μs, StdErr = 2.534 μs (0.64%), N = 4, StdDev = 5.069 μs
Min = 388.808 μs, Q1 = 393.371 μs, Median = 396.548 μs, Q3 = 398.769 μs, Max = 400.465 μs
IQR = 5.398 μs, LowerFence = 385.274 μs, UpperFence = 406.866 μs
ConfidenceInterval = [362.837 μs; 428.348 μs] (CI 99.9%), Margin = 32.756 μs (8.28% of Mean)
Skewness = -0.34, Kurtosis = 1.03, MValue = 2
-------------------- Histogram --------------------
[384.617 μs ; 393.487 μs) | @
[393.487 μs ; 401.870 μs) | @@@
---------------------------------------------------

PostStreamingBench.Legacy: Job-KULIUI(Runtime=.NET 10.0, IterationCount=4, WarmupCount=1) [Size=1048576, Shape=normal]
Runtime = .NET 10.0.12 (10.0.1226.42308), X64 RyuJIT AVX2; GC = Concurrent Workstation
Mean = 1.761 ms, StdErr = 0.021 ms (1.20%), N = 3, StdDev = 0.037 ms
Min = 1.735 ms, Q1 = 1.741 ms, Median = 1.747 ms, Q3 = 1.775 ms, Max = 1.803 ms
IQR = 0.034 ms, LowerFence = 1.689 ms, UpperFence = 1.826 ms
ConfidenceInterval = [1.095 ms; 2.428 ms] (CI 99.9%), Margin = 0.667 ms (37.84% of Mean)
Skewness = 0.34, Kurtosis = 0.67, MValue = 2
-------------------- Histogram --------------------
[1.701 ms ; 1.774 ms) | @@
[1.774 ms ; 1.836 ms) | @
---------------------------------------------------

PostStreamingBench.Streaming: Job-KULIUI(Runtime=.NET 10.0, IterationCount=4, WarmupCount=1) [Size=1048576, Shape=normal]
Runtime = .NET 10.0.12 (10.0.1226.42308), X64 RyuJIT AVX2; GC = Concurrent Workstation
Mean = 781.644 μs, StdErr = 5.799 μs (0.74%), N = 4, StdDev = 11.599 μs
Min = 770.006 μs, Q1 = 773.676 μs, Median = 780.276 μs, Q3 = 788.245 μs, Max = 796.017 μs
IQR = 14.569 μs, LowerFence = 751.821 μs, UpperFence = 810.099 μs
ConfidenceInterval = [706.692 μs; 856.596 μs] (CI 99.9%), Margin = 74.952 μs (9.59% of Mean)
Skewness = 0.18, Kurtosis = 0.88, MValue = 2
-------------------- Histogram --------------------
[768.240 μs ; 787.421 μs) | @@@
[787.421 μs ; 805.607 μs) | @
---------------------------------------------------

PostStreamingBench.Legacy: Job-KULIUI(Runtime=.NET 10.0, IterationCount=4, WarmupCount=1) [Size=5242880, Shape=dot-leading]
Runtime = .NET 10.0.12 (10.0.1226.42308), X64 RyuJIT AVX2; GC = Concurrent Workstation
Mean = 33.979 ms, StdErr = 0.158 ms (0.47%), N = 4, StdDev = 0.316 ms
Min = 33.568 ms, Q1 = 33.811 ms, Median = 34.053 ms, Q3 = 34.221 ms, Max = 34.240 ms
IQR = 0.410 ms, LowerFence = 33.196 ms, UpperFence = 34.835 ms
ConfidenceInterval = [31.935 ms; 36.022 ms] (CI 99.9%), Margin = 2.043 ms (6.01% of Mean)
Skewness = -0.31, Kurtosis = 0.91, MValue = 2
-------------------- Histogram --------------------
[33.307 ms ; 34.407 ms) | @@@@
---------------------------------------------------

PostStreamingBench.Streaming: Job-KULIUI(Runtime=.NET 10.0, IterationCount=4, WarmupCount=1) [Size=5242880, Shape=dot-leading]
Runtime = .NET 10.0.12 (10.0.1226.42308), X64 RyuJIT AVX2; GC = Concurrent Workstation
Mean = 16.425 ms, StdErr = 0.029 ms (0.18%), N = 4, StdDev = 0.058 ms
Min = 16.373 ms, Q1 = 16.385 ms, Median = 16.413 ms, Q3 = 16.453 ms, Max = 16.502 ms
IQR = 0.068 ms, LowerFence = 16.284 ms, UpperFence = 16.554 ms
ConfidenceInterval = [16.053 ms; 16.798 ms] (CI 99.9%), Margin = 0.373 ms (2.27% of Mean)
Skewness = 0.34, Kurtosis = 0.98, MValue = 2
-------------------- Histogram --------------------
[16.325 ms ; 16.549 ms) | @@@@
---------------------------------------------------

PostStreamingBench.Legacy: Job-KULIUI(Runtime=.NET 10.0, IterationCount=4, WarmupCount=1) [Size=5242880, Shape=multi-header]
Runtime = .NET 10.0.12 (10.0.1226.42308), X64 RyuJIT AVX2; GC = Concurrent Workstation
Mean = 8.335 ms, StdErr = 0.006 ms (0.07%), N = 3, StdDev = 0.010 ms
Min = 8.326 ms, Q1 = 8.330 ms, Median = 8.334 ms, Q3 = 8.340 ms, Max = 8.345 ms
IQR = 0.010 ms, LowerFence = 8.315 ms, UpperFence = 8.354 ms
ConfidenceInterval = [8.154 ms; 8.516 ms] (CI 99.9%), Margin = 0.181 ms (2.18% of Mean)
Skewness = 0.12, Kurtosis = 0.67, MValue = 2
-------------------- Histogram --------------------
[8.317 ms ; 8.355 ms) | @@@
---------------------------------------------------

PostStreamingBench.Streaming: Job-KULIUI(Runtime=.NET 10.0, IterationCount=4, WarmupCount=1) [Size=5242880, Shape=multi-header]
Runtime = .NET 10.0.12 (10.0.1226.42308), X64 RyuJIT AVX2; GC = Concurrent Workstation
Mean = 4.534 ms, StdErr = 0.175 ms (3.86%), N = 4, StdDev = 0.350 ms
Min = 4.239 ms, Q1 = 4.309 ms, Median = 4.436 ms, Q3 = 4.661 ms, Max = 5.024 ms
IQR = 0.353 ms, LowerFence = 3.779 ms, UpperFence = 5.191 ms
ConfidenceInterval = [2.271 ms; 6.797 ms] (CI 99.9%), Margin = 2.263 ms (49.91% of Mean)
Skewness = 0.49, Kurtosis = 1.11, MValue = 2
-------------------- Histogram --------------------
[4.100 ms ; 4.679 ms) | @@@
[4.679 ms ; 5.313 ms) | @
---------------------------------------------------

PostStreamingBench.Legacy: Job-KULIUI(Runtime=.NET 10.0, IterationCount=4, WarmupCount=1) [Size=5242880, Shape=normal]
Runtime = .NET 10.0.12 (10.0.1226.42308), X64 RyuJIT AVX2; GC = Concurrent Workstation
Mean = 8.380 ms, StdErr = 0.005 ms (0.06%), N = 3, StdDev = 0.009 ms
Min = 8.370 ms, Q1 = 8.376 ms, Median = 8.382 ms, Q3 = 8.385 ms, Max = 8.387 ms
IQR = 0.009 ms, LowerFence = 8.363 ms, UpperFence = 8.398 ms
ConfidenceInterval = [8.220 ms; 8.540 ms] (CI 99.9%), Margin = 0.160 ms (1.91% of Mean)
Skewness = -0.23, Kurtosis = 0.67, MValue = 2
-------------------- Histogram --------------------
[8.362 ms ; 8.395 ms) | @@@
---------------------------------------------------

PostStreamingBench.Streaming: Job-KULIUI(Runtime=.NET 10.0, IterationCount=4, WarmupCount=1) [Size=5242880, Shape=normal]
Runtime = .NET 10.0.12 (10.0.1226.42308), X64 RyuJIT AVX2; GC = Concurrent Workstation
Mean = 4.497 ms, StdErr = 0.052 ms (1.17%), N = 4, StdDev = 0.105 ms
Min = 4.358 ms, Q1 = 4.452 ms, Median = 4.514 ms, Q3 = 4.559 ms, Max = 4.602 ms
IQR = 0.107 ms, LowerFence = 4.291 ms, UpperFence = 4.720 ms
ConfidenceInterval = [3.819 ms; 5.174 ms] (CI 99.9%), Margin = 0.677 ms (15.06% of Mean)
Skewness = -0.31, Kurtosis = 1.04, MValue = 2
-------------------- Histogram --------------------
[4.271 ms ; 4.456 ms) | @
[4.456 ms ; 4.629 ms) | @@@
---------------------------------------------------

// * Summary *

BenchmarkDotNet v0.15.2, Windows 11 (10.0.26200.9457)
Unknown processor
.NET SDK 10.0.401
  [Host]     : .NET 10.0.12 (10.0.1226.42308), X64 RyuJIT AVX2
  Job-KULIUI : .NET 10.0.12 (10.0.1226.42308), X64 RyuJIT AVX2

Runtime=.NET 10.0  IterationCount=4  WarmupCount=1  

| Method    | Size    | Shape        | Mean          | Error         | StdDev      | Ratio | RatioSD | Gen0      | Gen1      | Gen2     | Allocated   | Alloc Ratio |
|---------- |-------- |------------- |--------------:|--------------:|------------:|------:|--------:|----------:|----------:|---------:|------------:|------------:|
| Legacy    | 1024    | dot-leading  |      7.519 μs |     0.4028 μs |   0.0623 μs |  1.00 |    0.01 |    4.9210 |    1.2283 |        - |    75.63 KB |        1.00 |
| Streaming | 1024    | dot-leading  |      5.422 μs |     0.5814 μs |   0.0900 μs |  0.72 |    0.01 |    4.3793 |    1.0910 |        - |    67.57 KB |        0.89 |
|           |         |              |               |               |             |       |         |           |           |          |             |             |
| Legacy    | 1024    | multi-header |      5.527 μs |     0.3656 μs |   0.0566 μs |  1.00 |    0.01 |    5.0201 |    0.6256 |        - |    77.15 KB |        1.00 |
| Streaming | 1024    | multi-header |      4.453 μs |     0.2991 μs |   0.0463 μs |  0.81 |    0.01 |    4.5242 |    0.0458 |        - |    69.45 KB |        0.90 |
|           |         |              |               |               |             |       |         |           |           |          |             |             |
| Legacy    | 1024    | normal       |      4.643 μs |     0.5983 μs |   0.0926 μs |  1.00 |    0.03 |    4.8981 |    1.2207 |        - |    75.45 KB |        1.00 |
| Streaming | 1024    | normal       |      3.622 μs |     0.2114 μs |   0.0327 μs |  0.78 |    0.02 |    4.3831 |    1.0948 |        - |    67.57 KB |        0.90 |
|           |         |              |               |               |             |       |         |           |           |          |             |             |
| Legacy    | 16384   | dot-leading  |     92.237 μs |    10.9633 μs |   1.6966 μs |  1.00 |    0.02 |   10.0098 |    1.5869 |        - |   154.09 KB |        1.00 |
| Streaming | 16384   | dot-leading  |     48.309 μs |     2.3916 μs |   0.1311 μs |  0.52 |    0.01 |    4.3945 |         - |        - |    68.03 KB |        0.44 |
|           |         |              |               |               |             |       |         |           |           |          |             |             |
| Legacy    | 16384   | multi-header |     14.623 μs |     3.1613 μs |   0.4892 μs |  1.00 |    0.04 |    9.9487 |    2.4719 |        - |   152.61 KB |        1.00 |
| Streaming | 16384   | multi-header |      5.815 μs |     0.2464 μs |   0.0381 μs |  0.40 |    0.01 |    4.5395 |    0.0534 |        - |    69.91 KB |        0.46 |
|           |         |              |               |               |             |       |         |           |           |          |             |             |
| Legacy    | 16384   | normal       |     13.431 μs |     0.2826 μs |   0.0437 μs |  1.00 |    0.00 |    9.7961 |    2.4414 |        - |   150.91 KB |        1.00 |
| Streaming | 16384   | normal       |      4.806 μs |     0.0621 μs |   0.0096 μs |  0.36 |    0.00 |    4.4174 |    0.0153 |        - |    68.03 KB |        0.45 |
|           |         |              |               |               |             |       |         |           |           |          |             |             |
| Legacy    | 65536   | dot-leading  |    359.155 μs |     4.7081 μs |   0.7286 μs |  1.00 |    0.00 |   25.8789 |   25.3906 |        - |   405.32 KB |        1.00 |
| Streaming | 65536   | dot-leading  |    217.764 μs |     1.5776 μs |   0.2441 μs |  0.61 |    0.00 |   41.5039 |   41.5039 |  41.5039 |   197.72 KB |        0.49 |
|           |         |              |               |               |             |       |         |           |           |          |             |             |
| Legacy    | 65536   | multi-header |     46.964 μs |     1.3155 μs |   0.2036 μs |  1.00 |    0.01 |   25.6348 |    0.1831 |        - |   394.16 KB |        1.00 |
| Streaming | 65536   | multi-header |     47.046 μs |     0.3359 μs |   0.0184 μs |  1.00 |    0.00 |   41.6260 |   41.6260 |  41.6260 |   199.51 KB |        0.51 |
|           |         |              |               |               |             |       |         |           |           |          |             |             |
| Legacy    | 65536   | normal       |     44.887 μs |     0.5308 μs |   0.0291 μs |  1.00 |    0.00 |   25.5127 |    8.4839 |        - |   392.46 KB |        1.00 |
| Streaming | 65536   | normal       |     45.948 μs |     1.9375 μs |   0.2998 μs |  1.02 |    0.01 |   41.6260 |   41.6260 |  41.6260 |   197.63 KB |        0.50 |
|           |         |              |               |               |             |       |         |           |           |          |             |             |
| Legacy    | 262144  | dot-leading  |  1,671.616 μs |    27.2821 μs |   4.2219 μs |  1.00 |    0.00 |  503.9063 |  500.0000 | 500.0000 |  1795.52 KB |        1.00 |
| Streaming | 262144  | dot-leading  |    902.483 μs |     6.3707 μs |   0.3492 μs |  0.54 |    0.00 |  285.1563 |  285.1563 | 285.1563 |   972.45 KB |        0.54 |
|           |         |              |               |               |             |       |         |           |           |          |             |             |
| Legacy    | 262144  | multi-header |    489.660 μs |    11.9885 μs |   1.8552 μs |  1.00 |    0.00 |  499.0234 |  499.0234 | 499.0234 |  1680.32 KB |        1.00 |
| Streaming | 262144  | multi-header |    180.275 μs |    10.8647 μs |   1.6813 μs |  0.37 |    0.00 |  285.6445 |  285.6445 | 285.6445 |   973.77 KB |        0.58 |
|           |         |              |               |               |             |       |         |           |           |          |             |             |
| Legacy    | 262144  | normal       |    493.753 μs |    28.6045 μs |   4.4266 μs |  1.00 |    0.01 |  499.0234 |  499.0234 | 499.0234 |  1678.73 KB |        1.00 |
| Streaming | 262144  | normal       |    174.699 μs |     1.9010 μs |   0.2942 μs |  0.35 |    0.00 |  285.6445 |  285.6445 | 285.6445 |   971.88 KB |        0.58 |
|           |         |              |               |               |             |       |         |           |           |          |             |             |
| Legacy    | 1048576 | dot-leading  |  6,561.365 μs |    54.2340 μs |   8.3928 μs |  1.00 |    0.00 |  765.6250 |  765.6250 | 765.6250 |  7346.22 KB |        1.00 |
| Streaming | 1048576 | dot-leading  |  3,197.498 μs |   262.4471 μs |  40.6140 μs |  0.49 |    0.01 | 1000.0000 |  996.0938 | 996.0938 |  4066.75 KB |        0.55 |
|           |         |              |               |               |             |       |         |           |           |          |             |             |
| Legacy    | 1048576 | multi-header |  1,638.930 μs |   152.0820 μs |  23.5349 μs |  1.00 |    0.02 |  457.0313 |  451.1719 | 451.1719 |  6308.76 KB |        1.00 |
| Streaming | 1048576 | multi-header |    395.592 μs |    32.7557 μs |   5.0690 μs |  0.24 |    0.00 |  672.3633 |  666.5039 | 665.5273 |  4066.08 KB |        0.64 |
|           |         |              |               |               |             |       |         |           |           |          |             |             |
| Legacy    | 1048576 | normal       |  1,761.492 μs |   666.5103 μs |  36.5337 μs |  1.00 |    0.03 |  503.9063 |  498.0469 | 498.0469 |  6307.71 KB |        1.00 |
| Streaming | 1048576 | normal       |    781.644 μs |    74.9520 μs |  11.5989 μs |  0.44 |    0.01 |  644.5313 |  639.1602 | 638.1836 |  4064.32 KB |        0.64 |
|           |         |              |               |               |             |       |         |           |           |          |             |             |
| Legacy    | 5242880 | dot-leading  | 33,978.564 μs | 2,043.3296 μs | 316.2075 μs |  1.00 |    0.01 | 1062.5000 | 1000.0000 | 937.5000 | 45658.63 KB |        1.00 |
| Streaming | 5242880 | dot-leading  | 16,425.205 μs |   372.6054 μs |  57.6611 μs |  0.48 |    0.00 |  687.5000 |  656.2500 | 531.2500 | 19031.03 KB |        0.42 |
|           |         |              |               |               |             |       |         |           |           |          |             |             |
| Legacy    | 5242880 | multi-header |  8,335.016 μs |   181.3063 μs |   9.9380 μs |  1.00 |    0.00 | 1125.0000 | 1062.5000 | 984.3750 | 33040.58 KB |        1.00 |
| Streaming | 5242880 | multi-header |  4,533.836 μs | 2,262.9395 μs | 350.1924 μs |  0.54 |    0.04 |  585.9375 |  531.2500 | 445.3125 | 18510.08 KB |        0.56 |
|           |         |              |               |               |             |       |         |           |           |          |             |             |
| Legacy    | 5242880 | normal       |  8,379.923 μs |   160.1717 μs |   8.7796 μs |  1.00 |    0.00 | 1125.0000 | 1062.5000 | 984.3750 | 33039.04 KB |        1.00 |
| Streaming | 5242880 | normal       |  4,496.851 μs |   677.3832 μs | 104.8258 μs |  0.54 |    0.01 |  570.3125 |  523.4375 | 429.6875 | 18508.17 KB |        0.56 |

// * Hints *
Outliers
  PostStreamingBench.Streaming: Runtime=.NET 10.0, IterationCount=4, WarmupCount=1 -> 1 outlier  was  detected (5.29 μs)
  PostStreamingBench.Legacy: Runtime=.NET 10.0, IterationCount=4, WarmupCount=1    -> 1 outlier  was  detected (5.45 μs)
  PostStreamingBench.Streaming: Runtime=.NET 10.0, IterationCount=4, WarmupCount=1 -> 1 outlier  was  removed (49.26 μs)
  PostStreamingBench.Streaming: Runtime=.NET 10.0, IterationCount=4, WarmupCount=1 -> 1 outlier  was  removed (47.23 μs)
  PostStreamingBench.Legacy: Runtime=.NET 10.0, IterationCount=4, WarmupCount=1    -> 1 outlier  was  removed (45.00 μs)
  PostStreamingBench.Streaming: Runtime=.NET 10.0, IterationCount=4, WarmupCount=1 -> 1 outlier  was  removed (906.76 μs)
  PostStreamingBench.Legacy: Runtime=.NET 10.0, IterationCount=4, WarmupCount=1    -> 1 outlier  was  removed (2.88 ms)
  PostStreamingBench.Legacy: Runtime=.NET 10.0, IterationCount=4, WarmupCount=1    -> 1 outlier  was  removed (8.48 ms)
  PostStreamingBench.Legacy: Runtime=.NET 10.0, IterationCount=4, WarmupCount=1    -> 1 outlier  was  removed (8.49 ms)

// * Legends *
  Size        : Value of the 'Size' parameter
  Shape       : Value of the 'Shape' parameter
  Mean        : Arithmetic mean of all measurements
  Error       : Half of 99.9% confidence interval
  StdDev      : Standard deviation of all measurements
  Ratio       : Mean of the ratio distribution ([Current]/[Baseline])
  RatioSD     : Standard deviation of the ratio distribution ([Current]/[Baseline])
  Gen0        : GC Generation 0 collects per 1000 operations
  Gen1        : GC Generation 1 collects per 1000 operations
  Gen2        : GC Generation 2 collects per 1000 operations
  Allocated   : Allocated memory per single operation (managed only, inclusive, 1KB = 1024B)
  Alloc Ratio : Allocated memory ratio distribution ([Current]/[Baseline])
  1 μs        : 1 Microsecond (0.000001 sec)

// * Diagnostic Output - MemoryDiagnoser *


// ***** BenchmarkRunner: End *****
Run time: 00:04:08 (248.99 sec), executed benchmarks: 36

Global total time: 00:04:17 (257.8 sec), executed benchmarks: 36
// * Artifacts cleanup *
Artifacts cleanup is finished
